"CUSTOMERNUMBER","CUSTOMERNAME","CONTACTLASTNAME","CONTACTFIRSTNAME","PHONE","ADDRESSLINE1","ADDRESSLINE2","CITY","STATE","POSTALCODE","COUNTRY","SALESREPEMPLOYEENUMBER","CREDITLIMIT"
1124,"Ruth Avila","Garcia","Mary","888-766-4238","4090 230th Gdn","","Yonkers, NY","SD","43154","SJ",2544,3533,1
506,"Alivia Doyle","Thompson","Kassidy","888-745-1899","9590 Florida Rdg","","Evansville, IN","CA","88100","TK",2634,2836,35
606,"Kayley Mejia","Edwards","Kyle","866-933-7208","2431 N Crystal Valley","","Glendale, AZ","OH","56449","TZ",2798,3353,79
1200,"Karissa Wade","Bauer","Tristian","866-237-0440","849 NE 876th Divide","","Newark, DE","WY","72495","BA",2191,4281,93
969,"Gerardo Becker","Jacobson","Cecilia","866-733-0352","7298 Windy Olive Club","8477 N Ruby Vly","Fort Smith, AR","WV","48645","GU",2264,2127,79
1163,"Humberto Robles","Huynh","Aaliyah","888-707-4793","5240 NE Main Strm","","Buffalo, NY","LA","09163","RO",2169,3097,04
504,"Ayana Mcintyre","Ayers","Arianna","866-781-0321","6604 Illinois Fry","566 Oklahoma Walk","Charleston, WV","IA","15984","VG",2610,3990,61
1109,"Ronaldo Henry","Kaiser","Viviana","800-265-1469","5664 N Seventh Avenue","5122 Sycamore Fort","Salem, OR","MI","53189","SL",2782,1619,02
771,"Whitney Flowers","Kemp","Reginald","888-256-5027","5738 Crabapple Gdn","","Dallas, TX","UT","05146","CR",2317,3299,7
938,"Santos Wade","Bean","Myla","888-642-6989","6227 SE Fifth Mdw","5699 NW First Mdws","Juneau, AK","RI","08183","CN",2415,5140,34
517,"Leonel Benson","Rivera","Anderson","800-349-6568","1568 Seventh Turnpike","","Atlanta, GA","MD","20964","TZ",2462,2795,11
1145,"Jerry Gould","Ashley","Maleah","888-605-7255","3278 Fifth Cswy","","Paterson, NJ","PA","30326","MH",2014,
543,"Lila Church","Dalton","Janiyah","877-717-0133","7700 Windy Sycamore Hollow","","Wichita, KS","UT","25576","TZ",2571,1423,08
656,"Madeleine Conrad","Valencia","Kendall","877-367-0759","6431 SW Virginia Harbor","","West Valley City, UT","AZ","16104","GD",2699,5249,09
618,"London Cochran","Savage","Lucas","866-773-8081","8883 NW 211st Vis","2375 Bright Alder Circle","Las Vegas, NV","NH","59035","TH",2364,1001,84
535,"Carlo Blackburn","Copeland","Reese","866-489-0771","2799 Mountain Lk","","Anchorage, AK","WV","46898","MY",2753,3910,59
660,"Matthias Strickland","Dixon","Colton","877-776-3341","6376 NW Maple Gtwy","4081 W Birch Glen","Savannah, GA","NM","73961","KR",2683,
559,"Joan Gilmore","Benton","Reginald","800-630-5392","7824 SE Pearl Trail","","Provo, UT","MO","90240","IT",2357,
663,"Jayla Ellison","Mathis","Katelynn","888-916-0503","8646 Easy Park Trl","","Pocatello, ID","MT","10310","EH",2333,3618,21
712,"Jillian Dennis","Ford","Cecilia","866-233-0469","9176 Jade Crk","","Columbia, SC","LA","11495","DK",2888,3091,51
1099,"Marlon Wheeler","Jarvis","Cassie","800-744-3083","984 NE Topaz Ave","","Pawtucket, RI","CO","86790","NE",2614,2766,47
864,"Miguel Evans","Fitzpatrick","Jay","866-708-2537","7869 SE Whispy Lake Flds","","Fargo, ND","NH","20243","NU",2833,
1215,"Isiah Rich","Copeland","Iris","800-592-6427","1430 289th Route","","Huntsville, AL","IN","24119","ZM",2018,4775,49
1241,"Alexus Valencia","Osborn","Kian","800-427-8827","6224 N South Dakota Terrace","","Lowell, MA","OH","57566","ZW",2169,1922,09
710,"Kayley Gentry","Richardson","Dominique","800-849-4936","8862 S 173rd Grove","4410 Opal Freeway","Virginia Beach, VA","MT","62770","YT",2248,4440,84
1087,"Sullivan Wolfe","Cardenas","Bennett","888-242-4498","3623 Laurel Ct","","Dallas, TX","MT","09032","ID",2518,2492,11
1088,"Deven Heath","Morrow","Manuel","888-587-5435","1004 SW Shady Park Manor","","Pocatello, ID","DE","31581","BJ",2232,5911,17
942,"Lana Warner","Kent","Fernanda","888-986-7526","6519 Quiet Ash Mission","","Jacksonville, FL","KY","42519","LY",2035,
1042,"Bradyn Nixon","Lee","Braden","800-365-0026","5381 Hill Flat","6657 Hill Flds","Philadelphia, PA","IA","57195","KR",2495,5939,36
634,"Annalise Ali","Frederick","Jessica","877-756-6936","9851 850th Stream","","Dayton, OH","IL","42160","AM",2177,5373,61
1065,"Jaliyah Crane","Savage","Mohammed","888-551-7646","6374 Hill Spur","7907 Ninth Fork","Arlington, VA","KS","54844","BY",2183,5986,54
1054,"Journey Gillespie","Savage","Leilani","866-882-2857","4708 W 799th Avenue","","Norman, OK","MT","82477","CL",2541,2719,34
698,"Alena Barajas","Randall","Precious","877-490-5192","5098 Meadow Gln","5193 Sixth Mountain","Joliet, IL","MT","24626","VU",2413,
828,"Brooke Richardson","Morales","Taylor","800-376-0742","1640 Sapphire Causeway","","Kansas City, MO","MN","30205","AX",2900,5514,95
951,"Kayleigh Ortiz","Conrad","Samir","877-762-4952","6800 NE Wyoming Path","","Colorado Springs, CO","MA","37561","PR",2813,1215,66
1023,"Rylee Lowe","Bailey","Annabella","800-840-8873","6978 Emerald Fls","8027 Lake Expy","St. Paul, MN","NV","85653","UM",2353,3321,42
1032,"Dayton Kirby","Griffith","Johanna","866-205-6503","4250 N 969th Gateway","","Richmond, VA","RI","34327","SB",2462,5296,24
576,"Haven Knight","Cobb","Ayden","866-862-8023","4895 S 750th Hbr","1634 Fourth Forge","Clarksville, TN","KS","50255","TH",2939,2510,22
616,"Mariana Ayala","Love","Ricky","888-941-5838","9167 Louisiana Path","","Independence, MO","WA","74941","GA",2814,4077,17
586,"Marlene Lane","Collier","Yareli","888-602-8847","3369 E Meadow Bypass","","Cheyenne, WY","MT","23643","WS",2553,2764,94
981,"Alexandro Armstrong","Navarro","Hanna","800-751-3589","4675 Second Key","","Orlando, FL","ME","52440","SG",2931,3820,44
1045,"Maddison Schaefer","Cooley","Julio","866-896-4476","4158 Pleasant Plum Park","","Jonesboro, AR","KS","94937","BW",2715,1402,52
871,"Brenden Jacobs","Mata","Zane","888-482-4822","8015 SE Jasper Hbrs","","Birmingham, AL","ID","43714","BH",2429,2444,01
555,"Destinee Bates","Freeman","Rebeca","866-332-0185","5037 SE 937th Lock","362 E West Virginia Hill","Worcester, MA","CT","79427","ID",2702,2280,88
1085,"Camron Barton","Callahan","Marshall","866-608-3042","7731 Pennsylvania Lake","2400 NE Coral Rnch","Orlando, FL","AK","48981","KW",2614,4760,86
990,"Alize Gallagher","Wood","Kristopher","800-365-2621","3039 S Third River","5295 River Fall","Toledo, OH","MT","30579","KZ",2353,5430,11
1252,"Henry Thomas","Everett","Madisen","866-351-0598","5488 Garnet Center","1746 Stream Square","Buffalo, NY","WY","89520","NL",2019,1761,19
549,"Demetrius Wade","Washington","Grady","800-679-4459","921 NW 389th Fort","7851 Quartz Isle","Tallahassee, FL","IN","32784","PL",2892,1927,92
1170,"Camila Park","Young","Lyric","888-425-4949","9916 Fourth Bnd","","Shreveport, LA","NH","61906","MV",2436,1980,13
1190,"Jaquan Murray","Shaffer","Carl","877-507-6046","711 Fifth Plz","5751 S Spruce Ldg","Mobile, AL","KY","12211","PK",2615,
1079,"Randy Hensley","Horn","Kaylen","877-490-2400","7537 E Fifth Isle","","Fort Smith, AR","VT","13347","FR",2715,2583,48
510,"Eli Nunez","Mayo","Sonny","866-956-3626","1760 E Golden Park Rdg","7648 Jasper Divide","Jersey City, NJ","OK","69320","YE",2544,3450,11
1144,"Charlie Fernandez","Chan","Roy","888-431-1748","4956 Ruby Plaza","","Lowell, MA","AL","04689","NR",2544,3611,17
589,"Breana Le","Crane","Vanessa","877-412-4964","6396 S Park Skwy","","Honolulu, HI","ID","72772","ET",2213,1225,34
733,"Presley Mcmillan","Burns","Ezequiel","866-518-7109","9836 NW Magnolia Lck","","Frankfort, KY","VT","28159","FM",2183,1897,59
1090,"Gaven Salinas","Harding","Deanna","877-224-0894","3209 N Golden Apple Road","2163 E Topaz Hill","New Orleans, LA","MN","61898","NO",2043,1522,71
1249,"Jay Camacho","Newman","Kimberly","800-909-2514","7149 823rd Court","6389 320th Divide","Wilmington, DE","MT","24290","ET",2040,5881,2
784,"Bruno Cuevas","Acevedo","Brett","800-819-7237","8752 Nevada Groves","","Orlando, FL","LA","80119","SI",2111,1515,24
705,"Yazmin Boyer","Wang","Fatima","877-274-2883","7267 340th Grvs","","Charleston, SC","IA","25611","VA",2065,2448,95
959,"Issac Kane","Whitaker","Leilani","888-883-3138","1225 N Quartz Valley","7318 92nd Keys","Great Falls, MT","PA","77723","UA",2894,
792,"Kiera Preston","Hays","Kate","877-211-1810","3832 Fifth Trail","8542 Third Tpke","Toledo, OH","PA","21312","TN",2544,4796
1034,"Zoey Sanders","Simpson","Jade","888-304-4995","3887 N 295th Sq","9657 Ocean Gdns","El Paso, TX","MD","80086","HM",2211,4528,65
1030,"Kaia Johnson","Schultz","Cade","866-380-0100","8981 Locust Sq","6855 NW 685th Alley","San Antonio, TX","HI","20506","MW",2939,
1118,"Noah Rivera","Carney","Felix","800-696-8935","5880 Coral Prt","7633 Ninth Shoal","Rochester, NY","NV","98517","JO",2468,
756,"Adonis Thomas","Ayala","Isaak","877-215-1511","9129 Main Terrace","8071 E Bright Meadow Clb","Paterson, NJ","MS","93603","KY",2931,2667,99
1117,"Simon Friedman","Ibarra","Lamont","800-245-7469","9191 W Alaska Crescent","","Augusta, GA","FL","88962","GP",2370,4575,77
881,"Caitlin Scott","Patrick","Gaven","877-233-7370","8237 S Fourth Spring","6707 W 141st Knoll","Sioux Falls, SD","NE","73464","PT",2275,2889,07
955,"Wendy Sandoval","Hanna","Alfred","866-824-0835","964 Ocean Expy","","Salem, OR","MT","55178","LB",2723,1806,92
1182,"Tyshawn Wyatt","Ellis","Rachel","877-649-1996","5041 E Fallen Plum Frk","","Las Vegas, NV","WV","19264","TR",2690,5493,03
544,"Tobias Grant","Snyder","Santos","877-355-9216","982 E 590th Vista","6771 Third Corner","Nashville, TN","IA","32225","MF",2900,5509,39
814,"Cyrus Hahn","Riddle","Marlon","877-501-6220","1367 Third Field","9950 South Carolina Plz","Provo, UT","AL","48605","IL",2415,4268,54
599,"Blaze Dougherty","Mccoy","Calvin","877-710-8938","2355 Hidden Hill Knolls","3645 Golden Lake Circle","Knoxville, TN","NC","05241","SN",2171,1926,38
1218,"Isaac Rasmussen","Hodge","Kaylin","866-905-4545","9705 NE Mississippi Cir","","Gulfport, MS","IL","58223","IS",2019,2849,44
749,"Mathias Rosales","Roberson","Cristal","866-596-1655","817 Locust Cir","","Miami, FL","RI","19482","BW",2779,4936,46
1173,"Daniel Richardson","Little","Addyson","888-484-3017","9222 N Dusty Elm Burg","7150 Missouri Bg","Milwaukee, WI","WI","49480","CC",2966,5547,79
899,"Krish Baird","Ruiz","Dexter","877-508-5994","5042 Lake Mountain","","Fayetteville, AR","NV","09520","ER",2651,3572,45
889,"Molly Reyes","Moon","Karley","866-213-3468","5276 S 662nd Glen","3384 Stream Byu","Madison, WI","IN","18675","ES",2264,5843,28
810,"Lexi Potts","Petersen","Erick","800-239-8770","2680 354th Cliff","","Denver, CO","NE","91787","MO",2779,5277,39
960,"Shirley Davis","Haley","Mason","888-915-3568","4496 S New York Field","","San Diego, CA","NC","09684","IS",2442,
1194,"Jaden Mcfarland","Weiss","Kaleb","877-231-0084","3167 SW Sapphire Avenue","","Fayetteville, AR","NE","32728","CX",2495,
1238,"Kathleen Tanner","Adkins","Dangelo","800-317-1829","2448 SW 98th Cor","","Las Vegas, NV","OK","91977","BO",2699,3552,75
669,"Monica Webster","Farrell","Gunnar","877-879-7540","4975 SE Golden Meadow Aly","4512 SE Amber Byp","Topeka, KS","RI","10458","TF",2074,
867,"Saniyah Tapia","Cobb","Giana","888-885-8022","8048 W Garnet Spur","","Fairbanks, AK","PA","10135","ET",2777,5479,65
946,"Heriberto Escobar","Fuller","Shyanne","877-985-9234","8369 N Linden Tunl","1638 E Mimosa Park","Knoxville, TN","MN","99140","SY",2614,1932,47
1053,"Griffin Calhoun","Fritz","Haden","888-779-4201","2990 Pearl Byu","","Little Rock, AR","ID","92350","GL",2954,2331,42
887,"Haven Brennan","Powers","Brynn","877-747-6411","2203 SW Sixth Path","","Mobile, AL","SD","30735","CC",2213,3319,25
878,"Sky Hernandez","Black","Zariah","877-930-3603","8684 N Laurel Cv","4884 S Crystal Meadows","Albany, NY","NE","71187","BW",2275,
667,"Bria Richard","Lawrence","Caitlyn","888-269-6700","5364 NE Diamond Ml","","Columbus, OH","UT","79419","BZ",2533,
632,"Mackenzie Barrera","Savage","Jordon","800-831-6031","5735 Palm Groves","","Fayetteville, AR","IN","61660","AF",2180,2032,45
582,"Carli Kaiser","Davies","Abbey","800-289-6364","1881 Ninth Flat","1623 SE Sixth Bend","Gulfport, MS","LA","78512","MN",2030,2760,28
1153,"Mikel Orozco","Mcknight","Breanna","888-999-2760","4004 Kentucky Knl","1581 Opal Ml","Concord, NH","IL","34690","PT",2674,5237,29
912,"Jaeden Payne","Townsend","Kayli","877-894-1652","9830 Montana Center","","Tocoma, WA","CT","31031","MG",2370,4727,64
1111,"Jordan Carpenter","Cummings","Robert","866-759-7163","9822 S Ocean Way","","Orlando, FL","MD","18493","GB",2511,4326,26
1020,"Abbie Mcguire","Esparza","Kadin","888-317-3374","3490 Lake Shore","9834 68th Clb","Bellevue, NE","WA","68884","VN",2544,
723,"Carly Torres","Parker","Adam","888-770-3238","8781 Sixth Turnpike","","Tulsa, OK","CA","72811","CH",2039,
934,"Eden Jenkins","Cervantes","Lindsay","888-829-2557","8490 NW Second Mission","","Springfield, MA","CA","47857","LT",2866,4727,18
772,"Graciela Patterson","Ponce","Craig","877-453-2072","2752 N Jasper Aly","","Columbia, SC","ND","68903","ID",2966,1862,71
1268,"Bria Mayo","Mack","Pierce","877-442-4064","6337 Third Grns","","West Valley City, UT","SC","15908","UZ",2614,1547,2
593,"Julie Harrison","Schmidt","Riley","877-809-7336","5639 SE 171st Ter","","Springfield, MA","PA","39058","TH",2680,3660,63
1066,"Tayler Joseph","Vance","Karley","800-515-5916","2618 NW Eighth Sq","","Sacramento, CA","SD","67722","RU",2309,4055,52
913,"Keely Ramsey","Moss","Rubi","888-776-4742","9251 NE Jade Hbr","","Warwick, RI","UT","39253","CL",2751,4884,27
525,"Ricky Hobbs","Martinez","Skylar","877-306-4572","8191 W Jade Terrace","7020 900th Spring","Cleveland, OH","IL","48968","CO",2533,5100,93
679,"Willow Moody","Reeves","Shannon","866-881-0620","3807 Lake Tunl","","Sioux Falls, SD","CA","14746","LY",2553,2978,48
741,"Keegan Jenkins","Jefferson","Chelsea","866-521-2610","5592 Rose Hwy","","Lewiston, ME","WI","77991","TZ",2551,4424,43
1162,"Citlali Cline","Lawson","Sam","866-985-7342","6577 Shady Cherry Vw","6011 Rose Circle","Dover, DE","WI","56983","GH",2636,1077,66
1000,"Devin Morgan","Ochoa","Shayla","800-561-0511","3078 Park Bnd","","Newport News, VA","DE","35866","TR",2087,5705,86
837,"Dominik Velazquez","Powell","Destinee","800-446-7948","472 E Cherry Mission","","Little Rock, AR","AR","05816","NU",2111,
1174,"Teagan Aguirre","Shepard","Marcos","877-612-2644","1241 Fifth Center","3166 Fourth Lodge","Montpelier, VT","NH","88654","HU",2821,
1201,"Neil Tapia","Nolan","Tracy","800-427-8827","4760 Seventh Ranch","9958 Ruby Ldg","Wilmington, DE","VT","33140","TF",2065,
1286,"Ellis Merritt","Browning","Beatrice","888-464-3481","5727 NE Sixth Ter","","Burlington, VT","WA","33081","TT",2712,5438,27
1212,"Andy Davila","Bartlett","Jaslene","800-891-6088","3488 NW Pecan Tunl","6656 S Missouri Dv","San Diego, CA","HI","05590","UG",2174,4237,76
962,"Pamela Middleton","Kelly","Angelina","866-273-5746","6247 NE Dogwood Bnd","8054 Diamond Fry","Anchorage, AK","NJ","95850","GL",2636,1811,32
721,"Krista Sanford","Winters","Brent","800-742-3636","1295 Ruby Drive","","Washington, DC","NH","51391","TZ",2651,5671,75
968,"Kane Gill","Terry","Carolina","877-308-9501","2281 NW Virginia Garden","5669 S 688th Ky","Frankfort, KY","ND","01851","AM",2847,3003,33
654,"Cristobal Ponce","Gallagher","Jaidyn","866-556-9499","1557 Eighth Plaza","","Columbus, OH","WI","85358","HM",2018,2851,56
807,"Brenna Lee","Thompson","Allie","888-623-2737","8914 E 535th Bridge","","Sacramento, CA","MD","91935","NC",2642,2705,53
608,"Sonia Sullivan","Odom","Melany","888-559-6806","2708 W Sixth Sq","","Newark, DE","MD","20953","CX",2846,2223,63
566,"Sadie Pope","Brock","Kaylyn","877-527-1790","2540 Peach Divide","","Savannah, GA","MA","09642","BD",2782,4503,49
1081,"Brodie Sanchez","Allison","Grady","800-930-5933","6137 NW First Brg","","El Paso, TX","IL","93239","BJ",2018,3199,6
977,"Aaron Fernandez","Garcia","Irene","800-253-2164","8057 E Dusty Smoketree Cor","7271 SW Ocean Cswy","Idaho Falls, ID","WY","60838","FK",2275,2732,39
714,"Ann Joseph","Bentley","Kole","866-890-1782","5809 W Vermont Ml","","South Bend, IN","IN","24969","TL",2420,4738,91
1299,"Jarrod Mcintyre","Berry","Liana","888-297-9828","5236 NW Jasper Boulevard","","Seattle, WA","MA","55900","BL",2992,3089,33
612,"Jayden Maynard","Stone","Reynaldo","800-817-9870","3554 Fourth Terrace","2551 Coral Mission","Jackson, MS","LA","45085","SB",2119,1544,52
1043,"Tessa Mcclain","Hughes","Kayleigh","888-817-0483","1206 Minnesota Ctr","","Topeka, KS","SD","33983","RW",2167,2429,46
775,"Omarion Perkins","Moran","Raquel","888-857-4616","4074 SE First Shoal","6599 Jasper Walk","Norfolk, VA","IL","66487","SV",2957,2748,36
988,"Teagan Velazquez","Hahn","Bryanna","866-699-3632","7209 SW Delaware Port","","Jonesboro, AR","CT","33088","SC",2873,4721,23
687,"Reid Booker","Armstrong","Dalia","800-485-0538","5291 W Alder Vw","","Savannah, GA","NE","39938","SK",2345,1152,23
622,"Irvin Haynes","Novak","Amber","877-875-3832","6244 NE Whispy Lake Isle","5902 Pennsylvania Divide","St Louis, MO","PA","83686","BZ",2894,3664,52
1196,"Journey Escobar","Osborne","Maleah","888-330-8419","4706 SW Ocean Estate","2621 Lazy Willow Ranch","Cheyenne, WY","IA","35645","BT",2621,1260,66
823,"Jakayla Gardner","Wise","Blake","800-411-6853","4997 NE Persimmon Flat","3481 Sapphire Harbor","Huntsville, AL","NE","76854","RW",2133,1353,19
640,"Nyasia Cummings","Rocha","Tayler","877-351-0988","6946 NE 740th Vis","","Montpelier, VT","OR","98794","US",2518,5107,88
860,"Kaelyn Stanley","Scott","Eileen","888-311-8083","542 16th Bayoo","8743 NE Washington Pass","Las Cruces, NM","LA","45499","CO",2014,4198,13
853,"Jonas Nolan","Bass","Noel","800-929-2388","5615 Pearl Pike","","Reno, NV","VA","23788","PE",2318,1860,64
572,"Brian Dorsey","Vang","Juliette","877-535-9943","9824 473rd Burg","","Erie, PA","WA","66977","RW",2544,5187,84
1276,"Omari Dixon","Holt","Anna","866-296-0105","4283 25th Isle","","Fort Lauderdale, FL","DE","35035","TC",2119,4494,39
817,"Emma Burnett","Rose","Tiffany","800-261-0845","3033 N Dusty Tulip Mnr","","Greensboro, NC","CA","16952","YE",2615,1941,71
734,"Anastasia Allen","O'Connor","Darren","800-765-4382","7549 S Montana Brook","","Burlington, VT","SD","31393","TC",2145,1501,08
562,"Danielle Bush","Burnett","London","877-965-2199","6573 938th Ml","","Santa Fe, NM","AR","29047","SL",2174,2257,38
1191,"Arnold Case","Burns","Tatum","866-605-4638","9448 97th Crest","3730 S 340th Pike","Virginia Beach, VA","HI","36973","GD",2318,2252,75
909,"Weston Marsh","Espinoza","Aurora","877-683-5784","936 Jade Dv","","Warwick, RI","MS","99305","GN",2040,2561,04
1281,"Troy Ramsey","Dixon","Lyndsey","800-529-9354","3597 Dark Ocean Ville","4114 S Ohio Harbor","Mobile, AL","PA","90698","AO",2553,
633,"Luciano Phillips","Decker","Hillary","877-341-4601","4761 Topaz Glen","5611 Sapphire Rd","Tallahassee, FL","ME","42680","ST",2400,3471,25
1247,"Abel Sparks","Vargas","Michaela","800-923-8773","4366 Dusty Lake Blf","","Pawtucket, RI","WV","73909","NR",2777,5157,38
874,"Gerald Mckinney","Melendez","Khloe","800-854-8168","589 S Quiet Park Crst","","Tampa, FL","MS","25310","JE",2894,5718,41
722,"Brandon Fisher","Bentley","Sawyer","800-933-0400","6869 Amber Freeway","","Augusta, ME","AK","80439","VI",2936,5458,18
1147,"Mattie Herman","Copeland","Shelby","800-474-9843","5457 NW 350th Corner","","West Valley City, UT","NC","76657","TG",2821,2039,97
1021,"Anahi Brown","Norton","Chloe","877-822-5986","4741 Jade Sq","7089 SW Second Bayoo","Akron, OH","TX","51843","KY",2454,3414,87
1158,"Myah Knight","Ramsey","Karson","800-284-4363","4239 W Third Alley","8944 S 583rd Falls","Dallas, TX","NV","18778","CG",2583,5633,07
1254,"Myah Foster","Reese","Joy","800-221-9593","7564 NW Opal Lakes","1703 SE 143rd Grove","Aurora, CO","WV","39835","TT",2040,4132,62
1226,"Mckayla Blair","Soto","Gustavo","800-607-0718","891 Opal Fld","","Henderson, NV","NM","80525","BH",2225,2428,91
891,"Daquan Blanchard","Cervantes","Ricardo","877-410-3368","5145 SW Ocean Vly","","Detroit, MI","KS","92131","BO",2813,3683,27
1123,"Myah Hancock","Glover","Branden","800-201-8769","5142 Park Key","","Tocoma, WA","NJ","95502","LA",2541,2616,16
920,"Walker Mccarty","Gonzales","Cristofer","877-566-1185","2027 Jade Shr","4790 E Eighth Flats","Minneapolis, MN","CO","33460","NI",2429,
716,"Kathleen Chung","Villarreal","Taryn","888-733-1551","8286 N 611st Row","6874 South Dakota Estate","Houston, TX","GA","40866","AU",2454,4660,66
835,"Antony Figueroa","Stafford","Malia","800-357-1858","1657 NE Garnet Tpke","3114 NE Wyoming Hls","Jefferson City, MO","ID","53850","TG",2395,2061,74
923,"Aubree Chavez","Vasquez","Raina","800-988-1676","994 Park Groves","","Erie, PA","NM","21457","TK",2219,4366,27
1284,"Hazel Nunez","Rios","Xzavier","800-828-8908","4792 E Pennsylvania Lck","","Paterson, NJ","UT","81521","IM",2931,1506
1203,"Aliza Dennis","Ramirez","Macey","877-366-6502","6512 Rose Green","2982 River Gln","Anchorage, AK","MT","25043","NL",2043,
1295,"Marley Proctor","Perkins","Clarissa","866-534-2323","3646 NE 837th Garden","","Fort Worth, TX","NY","99560","HR",2365,4617,53
713,"Chaz Brooks","Brooks","Zoie","800-820-1560","8703 NE Minnesota Trl","","Long Beach, CA","MO","18124","CN",2651,4395,12
1049,"Mario Mann","Hensley","Issac","877-356-9361","245 N Colorado Manor","4171 Emerald Valley","Frederick, MD","HI","11884","KI",2368,4310,59
1265,"Leonel Deleon","Garza","Donte","800-585-9427","1554 Peach Path","","Buffalo, NY","KS","48670","HK",2043,2882,87
526,"Korbin Prince","Norman","Deborah","866-383-1727","1705 638th Fls","","Jackson, MS","HI","62839","AO",2561,1774,05
600,"Amir Colon","Rivas","Heaven","877-729-7531","8479 N Meadow Pike","7094 N Fourth Skwy","Frederick, MD","NH","84677","MQ",2674,5713,55
931,"Xander Trevino","Solomon","Evangeline","800-720-0372","2835 California Lk","4829 Ninth Walk","Knoxville, TN","WI","74014","MV",2442,4810,2
1060,"Walker Clarke","Moyer","Aleah","800-763-2420","847 SE Sumac Vis","3289 W North Dakota Trl","Tucson, AZ","SD","47271","AI",2712,1895,69
519,"Gianna Marquez","Glenn","German","800-764-8915","5520 NW Easy Meadow Lck","","Joliet, IL","ND","31942","JE",2290,4751,5
1028,"Brittney Lozano","Waters","Kristian","888-658-6899","1736 NW Sixth Fwy","9078 N Meadow Terrace","Manchester, NH","CO","12847","LA",2111,3546,86
650,"Gerald Bowman","English","Jane","866-878-3857","140 Main Route","4863 Florida Run","Baton Rouge, LA","ND","11913","AT",2442,1321,78
1189,"Cierra Lewis","Dunn","Tiana","866-331-7951","1826 Meadow Rte","","Davenport, IA","TX","48157","MM",2067,1520,05
534,"Fernando Phelps","Jenkins","Deacon","888-458-9229","3795 Misty Sycamore Bend","1255 998th Freeway","Augusta, GA","AL","93446","BA",2364,4328,98
872,"Thomas Cobb","Chung","Derrick","800-976-9481","5854 NE Fifth Isle","7051 E Maryland Boulevard","Billings, MT","MT","42339","BF",2219,2433,61
550,"Gaven Daniel","Allison","Kayley","877-460-0953","4045 850th Crest","494 N Hill Hills","Fairbanks, AK","OR","49668","MC",2275,4332,98
892,"Liam Parsons","Boyd","Camron","866-478-3477","5473 NE Hill Gdn","","Buffalo, NY","MT","91886","NI",2385,3336,8
570,"Rodrigo Shaffer","Compton","Clay","800-393-1571","5681 Lazy Juniper Blf","7356 SE Emerald Key","Wichita, KS","RI","88262","SH",2123,3546,07
921,"Thomas Evans","Bennett","Hillary","866-802-8494","3801 NE Broad Maple Row","2905 Stream Shore","Frederick, MD","MA","77398","BA",2996,1373,45
753,"Nestor James","Murphy","Alexandro","877-689-8033","553 Olive Ter","7841 Crystal Poplar Knls","Concord, NH","NM","69841","DO",2779,5551,45
861,"Hillary Garrison","Hampton","Jeffrey","888-756-6184","6649 S Hidden Olive Clf","4657 NW 654th Isle","Boise, ID","DE","79380","BS",2343,4525,04
1055,"Lana Day","Conner","Raven","866-208-7056","5764 SW Third Village","","Baltimore, MD","NJ","88734","SD",2437,1327,99
967,"Jaren Walter","Ferguson","Phoebe","800-474-4913","3818 Arkansas Garden","3684 E 260th Lk","Cedar Rapids, IA","NM","75352","BT",2702,3672,01
1039,"Kameron Strong","Weaver","Kaleigh","866-685-6923","993 NE 715th Clf","","Syracuse, NY","VT","85888","PR",2541,
707,"Heaven Howell","Mcknight","Antonia","800-339-4201","7161 White Maple Terrace","","Winston-Salem, NC","LA","40551","SY",2232,1181,55
521,"Lyric Watts","Nicholson","Natalya","877-691-1207","8566 Pearl Cpe","2503 Dusty Willow Vly","Cleveland, OH","OR","84588","MQ",2353,
801,"Jackson Valencia","Calhoun","Thalia","888-427-3293","2700 NW Quartz Ctr","6111 Sapphire Pike","Provo, UT","OH","30844","UA",2814,1828,76
943,"Rolando Dougherty","Ellis","Kyler","866-704-1444","3742 NE 96th Divide","","Buffalo, NY","UT","14319","NU",2954,2771,73
676,"Ayana Charles","Garrison","Jaclyn","866-564-5608","6542 Virginia Path","4536 First Frg","Dallas, TX","AK","23834","VU",2357,2636,31
653,"Aditya Adams","Reid","Maritza","877-824-0286","9045 S Pearl Lks","5441 N Ruby Bend","Independence, MO","MN","62709","VA",2133,
671,"Jayden Cisneros","Hebert","Bobby","877-909-7209","4388 Dusty Park Lake","420 NW Sapphire Vlg","Seattle, WA","OR","00225","GG",2232,5549,25
704,"Benjamin Berry","Lyons","Dandre","866-356-0234","4234 NE 256th Strm","7169 North Carolina Bridge","Sioux City, IA","CA","42772","LA",2533,4228,65
527,"Dante Carey","Blackburn","Josef","800-758-4327","123 Amber Birch Crossing","737 Pearl Bluff","Allentown, PA","PA","11205","KI",2145,3098,56
627,"Skyler Lowe","Ritter","Reese","800-466-4495","5133 Mountain Expressway","","Shreveport, LA","NY","12059","VG",2248,3753,64
759,"Kenyon Carroll","Dennis","Jacey","800-598-5491","6340 SW Coral Valley","","Overland Park, KS","IL","97661","CM",2111,3709,37
567,"Madison Ross","Cummings","Alanna","866-644-5069","5775 W Ruby Causeway","","Rochester, MN","SC","61617","BJ",2894,5563,01
644,"Eduardo Drake","Klein","Toni","877-252-1836","5647 Oregon Hl","","Las Cruces, NM","MA","81814","VI",2486,
560,"Kenya Morris","Chase","Cheyanne","800-224-5189","3604 S Hawaii Mill","8223 White Elm Crescent","Pocatello, ID","KS","19922","US",2866,1884,91
514,"Ali Byrd","Moon","Valeria","866-249-3843","6205 Mountain Msn","6901 Ocean Crk","Springfield, MA","MN","28816","AG",2364,1632,22
561,"Lyndsey Kennedy","Medina","Montana","877-739-9967","7098 Connecticut Frg","","Kansas City, KS","WY","96926","AQ",2495,2155,12
604,"Liana Kirk","Gonzales","Macey","888-234-9341","5100 E Oregon Run","1431 N Diamond Ldg","Cedar Rapids, IA","CA","80093","ME",2258,1797,8
895,"Juliet Rose","Mccoy","Kelsey","877-646-8424","4574 SW 472nd Gdns","","Lexington, KY","NJ","41889","DK",2807,1665,13
1064,"Zachariah Fuentes","Waters","Elizabeth","877-318-1019","1517 Seventh Mountain","2454 N Ninth Cres","Harrisburg, PA","KY","50340","TC",2071,3687,59
598,"Cayden Randall","Castaneda","Teagan","888-935-5555","8812 SE Amber Grove","","Vancouver, WA","MS","36015","MY",2133,5697,01
794,"Mohammad Pittman","Cook","Janiya","800-549-9395","2448 Ninth Valley","","Sacramento, CA","NJ","12712","VN",2030,3331,82
747,"Julianne Dunlap","Frank","Vincent","800-235-9530","9803 E Montana Greens","","Colorado Springs, CO","WI","38045","BI",2267,1480,38
1300,"Jax Mcbride","Duke","Kingston","877-467-4237","1742 Ruby Alley","9380 N Massachusetts Mountain","Lansing, MI","WA","89414","GW",2723,5468,87
743,"Martha Morris","Herring","Kolton","877-287-2696","7132 E Minnesota Flt","","Helena, MT","IL","63276","VA",2429,4425,31
675,"Cora Whitehead","Patton","Caitlin","877-271-0513","768 N Stream Vis","","Durham, NC","KS","00067","JO",2920,2215,7
854,"Marcos Proctor","Brown","Quinn","800-797-9407","4789 NE Jade Walk","","Portland, OR","CO","66242","AM",2498,3532,61
711,"Pranav Santos","Pham","Miranda","888-790-1335","9546 Amber Court","","Charlotte, NC","NY","67736","BV",2035,
1098,"Kelsey Flynn","Nixon","Markus","888-932-3232","7196 Fir Trl","","Boston, MA","KS","54820","TL",2420,
565,"Carolina Spears","Holt","Aiyana","800-976-6947","9004 SW 728th Harbors","","San Jose, CA","ID","99503","GM",2248,4593,72
1143,"Braylen Lawrence","Woods","Janessa","866-571-8039","4855 SW California Gln","","Charlotte, NC","LA","59258","NO",2436,1823,48
868,"Madelyn Pope","Morales","Emery","877-665-7293","4619 S Main Loop","","Washington, DC","GA","80340","VI",2292,1873,83
795,"Quinton Wong","Best","Kaia","888-855-2786","5130 Pine Causeway","","Greensboro, NC","MT","10919","OM",2991,3229,27
697,"Joan Pratt","Gill","Judah","877-203-8156","2597 S Connecticut Cir","4351 Sycamore Grv","Boston, MA","SC","68518","TZ",2939,4100,17
1240,"Jazmin Monroe","Boone","Amy","866-290-6984","984 733rd Harbors","","San Francisco, CA","SC","95154","BM",2766,2834,73
876,"Giana Barrett","Lozano","Tina","800-875-7140","2822 NE Poplar Gln","","Jacksonville, FL","NC","01486","NI",2305,2221,32
678,"Kassandra Hopkins","Butler","Keshawn","888-253-7640","5650 N Park Cape","","Sacramento, CA","VA","85451","UA",2424,3469
838,"Sonny Walker","Hickman","Ashleigh","866-944-6574","6528 W Rose Fort","","Long Beach, CA","WV","66463","SR",2753,4481,25
798,"Shea Cannon","Pacheco","Ricky","877-927-0339","5362 NE 654th Tunnel","3329 Second Road","Gaithersburg, MD","WA","88894","TM",2715,
1097,"Moises Nash","Schmidt","Antonio","800-434-3575","6312 SW California Meadows","","Warwick, RI","MO","34013","DJ",2457,2183,17
682,"Arnold Martin","Boyle","Mitchell","877-276-0607","6915 824th Park","","Fairbanks, AK","WV","49314","JP",2095,1077
865,"Angel Pineda","Cortez","Sidney","800-867-1095","2295 Opal Hill","5147 N Arizona Tpke","Nampa, ID","TX","89323","AG",2468,3897,03
950,"Mackenzie Wallace","Ferrell","Abigale","877-422-8307","190 SW Amber Hollow","7150 Eighth Spring","San Jose, CA","FL","41064","FJ",2224,1001,92
926,"Kaleb Burke","Dunn","Parker","877-598-8946","1940 Ninth Mill","","Annapolis, MD","NH","26003","SY",2454,2674,37
637,"Shaniya Potts","Durham","Paris","866-491-3117","9046 NW Jasper Creek","","Cedar Rapids, IA","DE","17713","ZM",2336,1857,17
779,"Stephen Lopez","Forbes","Lizette","866-701-4474","482 Meadow Gtwy","","Kansas City, KS","NY","87242","SZ",2365,5884,05
822,"Randy Pitts","Velazquez","Nyla","888-914-8870","8980 NE First Shl","","Lewiston, ME","OH","68041","MH",2099,
928,"Brian Hayes","Anderson","Bo","866-950-5419","9780 Magnolia Crossing","","Topeka, KS","IA","07000","MA",2766,
855,"Arnav Dalton","Shepherd","Miya","888-601-6590","3408 SE 619th Vlg","1191 N 47th Flat","Salt Lake City, UT","WI","57992","DM",2040,5063,14
824,"Amarion Franco","Larson","Janet","866-397-5857","5168 393rd Divide","","Wilmington, DE","UT","88725","CO",2201,3934,18
975,"Stephanie Solis","O'Connor","Vivian","877-642-1458","436 N First Boulevard","","Omaha, NE","MN","82702","TJ",2551,3972,79
1206,"Brenton Spence","Ochoa","Brice","866-926-6646","1587 S Cedar Fry","9327 NW Park Lodge","Trenton, NJ","MN","65234","CR",2275,4971,3
595,"Belinda Miles","Delgado","Celia","866-463-2712","3022 Maine Path","","Carson City, NV","NE","90694","WS",2014,5452,48
904,"Armani Roberts","Dodson","Nayeli","877-548-0286","445 NE Bright Park Hls","","New York, NY","AK","74087","TR",2533,1647,82
964,"Rylan Stafford","Hines","Messiah","877-224-5279","7593 SE Pearl Pike","","Lafayette, LA","SC","65649","IL",2833,
635,"Madyson Warren","Gaines","Jadyn","866-673-1346","2282 N 64th Gateway","","Madison, WI","MT","06803","HR",2495,3461,45
786,"Megan Mcdonald","Rowe","Kevin","877-923-3437","2329 Dark Spruce Loop","","Colorado Springs, CO","GA","11334","LT",2111,5660,37
1002,"London Bowen","Woods","Fernando","877-735-5896","7668 Ocean Field","1755 E 164th Alley","Grand Forks, ND","VT","23194","AX",2425,
1062,"Jayden Banks","Patton","Brooke","800-221-7913","7110 S Jasper Lck","7247 Pleasant Meadow Byu","Gaithersburg, MD","WY","78225","ME",2336,4943,2
571,"Xzavier Good","Kent","Colby","800-405-2834","7648 N Apple Fork","1440 E Illinois Tunl","Montgomery, AL","AR","82566","CO",2866,2690,79
1119,"Steven Logan","Galvan","Troy","888-283-1994","5894 SE 667th Lane","","Biloxi, MS","HI","76880","AM",2541,4202,78
832,"Taliyah Burch","Medina","Jeramiah","888-326-0317","6822 W Jasper Hl","8629 SW Lake Mission","Bismarck, ND","KS","91957","CM",2939,5704,74
1106,"Branson Adkins","Maldonado","Nico","800-944-6810","6912 610th Est","","Fairbanks, AK","MI","02360","ML",2772,1255,94
661,"Demarcus Ortega","Sheppard","Jarvis","888-684-8083","8947 S 838th Expressway","","Los Angeles, CA","HI","79535","FJ",2099,3403,29
1293,"Rylan House","Castaneda","Kenna","888-445-9317","8169 S Third Ferry","","Annapolis, MD","PA","21663","BG",2821,5342,27
651,"Craig Bowen","Park","Paisley","866-802-4254","7140 Fifth Fls","","Cheyenne, WY","NH","13162","MP",2736,5202,13
755,"Cael Durham","Estes","Kelly","877-404-8589","6270 Lake Vlg","","Annapolis, MD","PA","31267","GS",2211,4011,73
626,"Kristina Wiggins","Sosa","Zoie","800-237-8999","7453 W Seventh Spur","","Rochester, MN","VT","04056","BE",2505,2783,44
533,"Tyrell Blanchard","Harrell","Chase","866-213-9553","6168 River Lk","9491 W Diamond Port","Charlotte, NC","NY","09545","NL",2772,4903,01
1223,"Kirsten Mcpherson","Booker","Theodore","866-337-7881","3792 Shady Dogwood Square","","Manchester, NH","NE","51905","GB",2213,3787,44
1136,"Asher Ibarra","Bowman","Alex","866-646-7646","2004 N Jade Rte","","Detroit, MI","MO","70489","LI",2263,4248,25
1207,"Bobby York","Serrano","Tre","877-929-1019","4081 S Hidden Palm Blf","7798 W 236th Knls","Annapolis, MD","IN","65462","EE",2712,2647,77
584,"Kamron May","Blankenship","Hana","888-242-4083","9050 Crystal Forge","3634 E North Carolina Mountain","Albany, NY","MI","25928","UY",2425,3014,11
1134,"Haley Murillo","Carey","Grace","866-559-6710","3088 S Iowa Clf","","Gaithersburg, MD","NM","40953","ZA",2343,
1199,"Dillan Meza","Nash","Meadow","877-680-2529","6591 Oregon Ldg","6500 Beech Brk","Baton Rouge, LA","CO","24736","PA",2821,
1075,"Francisco Jimenez","Blake","Danika","866-633-6389","8483 Birch Gtwy","","Columbus, GA","AK","62983","TV",2275,5687,13
999,"Brycen Mercado","Solis","Savanah","888-601-6191","8163 Hidden Park Station","","Bellevue, NE","MT","62611","PL",2702,1851,94
991,"Jazmyn House","Gentry","Tyrese","877-744-7521","8590 W Mississippi Road","","Joliet, IL","AZ","15994","SL",2255,4242,68
993,"Brynn Lopez","Wu","Desirae","800-909-7411","2911 Mountain Stream","","Portland, ME","OK","46661","VE",2442,1491
1132,"Esperanza Hardin","Baird","Judah","877-517-3476","4970 Fourth Ln","","Wilmington, DE","DE","92629","HN",2400,5320,15
1285,"Marisol Mcclure","Gregory","Omari","877-270-8927","4440 E Missouri Lock","","Bismarck, ND","VT","25322","AF",2751,2961,36
1078,"Giovanny Shepherd","Carlson","Karson","888-468-0589","8315 SE 59th Pass","","Memphis, TN","OR","57434","AL",2900,2326,99
919,"Allyson Porter","Stout","Tess","877-460-3311","1162 Oregon Vis","","New Orleans, LA","WA","33107","GL",2462,2742,46
578,"Enzo Contreras","Hayes","Taniya","800-395-4553","3067 N Ruby Lks","2509 N Fifth Street","Springfield, MA","AK","96069","NC",2938,5456,82
901,"Gianni Chen","Compton","Dasia","877-460-9015","1080 SW Sapphire Kys","","Anchorage, AK","SD","43295","KP",2996,1895,19
762,"Lila Davenport","Spence","Jace","877-556-9857","9267 Lake Cv","3079 Amber Cswy","Anchorage, AK","NH","80021","SK",2290,2045,06
1051,"Jett Brooks","Golden","Jean","888-744-3253","1139 SW Locust Vw","6762 SW Fifth Port","Chesapeake, VA","MA","91082","SI",2979,4920,7
529,"Jaxon Bentley","Singleton","Khalil","877-972-0418","7185 N Garnet Xing","","Jacksonville, FL","VA","97042","ZM",2683,1902,84
903,"Dakota Mccormick","Gill","Salvatore","800-333-4557","8497 W Easy Hill Ferry","2475 NW Ninth Estate","Huntington, WV","WV","78487","JP",2702,3345,79
1026,"Demarcus Stark","Vasquez","Clinton","888-512-3718","2063 Rose Hls","","Davenport, IA","AL","08003","NF",2936,
1292,"Sherlyn Jimenez","Hicks","Chance","888-710-6621","1144 Dogwood Path","1158 Pleasant Stream Estate","Durham, NC","CT","96648","AL",2211,5156,51
657,"Christopher Cordova","Pope","Dylon","888-423-8661","1020 SE 892nd Parkway","3463 Eighth Ct","Naperville, IL","AR","53019","LS",2343,2389,66
1057,"Jason Cox","Henry","Julien","800-778-1419","6292 NE Wisconsin Flats","","Houston, TX","IL","77043","IS",2465,3689,19
594,"Conrad Sherman","Nixon","Macie","877-698-0159","9410 NW Pennsylvania Mountain","2761 Gentle Mountain Grn","Bismarck, ND","ME","20128","PK",2680,
1086,"Connor Arellano","Newton","Harmony","800-713-1197","7569 New Mexico Tunnel","","Chicago, IL","NY","96634","CU",2362,
764,"Trinity David","Gray","Casey","888-942-7755","5391 W Smoketree Spur","5017 Third Vl","Casper, WY","ID","19777","BR",2602,1318,02
1272,"Joselyn Mills","Knight","Blaine","888-934-7234","9048 W 512nd Hbr","4946 Amber Sycamore Hills","Olympia, WA","WA","21773","GM",2174,5551,56
1168,"Marc Haney","O'Neill","Araceli","800-667-6448","6011 Hemlock Vl","","Vancouver, WA","OH","34753","ER",2463,2060,84
1074,"Leslie Ware","Huber","Jace","800-519-1171","9881 Fourth Jct","","Worcester, MA","WA","27927","PF",2014,3133
648,"Mike English","Weiss","Stephen","888-245-4600","5708 Amber Valley","2450 Lazy Laurel Route","Lexington, KY","ND","36017","ZW",2680,5831,65
623,"Guy Harrison","Henderson","Jamarion","888-247-9829","5190 NW New Hampshire Tunnel","5458 684th Brg","Burlington, VT","UT","31453","BJ",2702,3903,39
1178,"Rubi Snow","Newton","Camilla","866-753-4804","8997 Missouri Common","","Reno, NV","WA","29611","LB",2505,1165,44
804,"Keyla Holder","Valenzuela","Candace","888-914-6130","4825 N Hill Grv","","Las Cruces, NM","ME","84201","BL",2438,2905,35
530,"Sammy Santos","Bird","Juliet","866-922-1033","6219 Crystal Olive Cv","7210 SW Main Club","Carson City, NV","NJ","53118","ID",2965,1421,33
1259,"Jenifer Olson","Tanner","Dayton","877-829-9133","4132 54th Key","","South Bend, IN","MA","40589","VE",2505,4485,25
782,"Amya Banks","Daugherty","Elisabeth","800-663-8331","2136 Sumac Expy","","Topeka, KS","UT","12962","HR",2871,5156,03
971,"Davin Arnold","Richard","Efren","888-988-3736","8406 S Coral Cmn","4011 Ruby Ln","Bellevue, NE","MD","89103","VC",2936,1000,01
1093,"Branden Andersen","Hartman","Emily ","877-749-4640","9898 Diamond Cpe","2306 W 863rd Flats","Columbus, GA","MD","35355","TW",2317,2224,88
797,"Gaige Harvey","Holland","Lizbeth","877-715-3290","3002 E Magnolia Est","7387 SE Colorado Pike","Montpelier, VT","NV","52251","UG",2900,5556,96
1250,"Alissa Reese","Yates","Jessie","800-822-6288","5758 E Diamond Expressway","","Huntsville, AL","VT","48822","GP",2183,3254,9
708,"Jovani Barron","Norton","Franklin","866-397-1766","4371 South Carolina Point","4610 NW 821st Crescent","Columbus, GA","MA","02386","MF",2055,1891,43
1187,"Tony Everett","Mercer","Jean","800-469-4666","4486 SE Sapphire Burg","","Columbia, SC","ME","12318","PL",2871,4630,11
738,"Sophie Brady","Blake","Tianna","866-980-1752","9478 410th Shl","520 NE Vermont Hollow","Trenton, NJ","WY","57140","CA",2556,4815,18
1222,"Marissa Savage","Robles","Lorelei","866-291-0122","6769 Hawaii Spur","","Vancouver, WA","HI","61917","PK",2300,
1253,"Ahmed Mullen","Berger","Caitlyn","800-774-8717","9519 Mulberry Cor","","Norman, OK","VA","33735","MP",2562,5405,6
880,"Anne O'Neal","Palmer","Paul","800-874-4001","3656 Hill Ml","","Newport News, VA","ID","67893","MR",2092,4105,23
890,"Denise Hurley","Turner","Paola","866-375-9462","9157 SE Eighth Boulevard","","Fayetteville, AR","ME","32122","BA",2074,5569,73
1225,"Megan Bond","Johnson","Erik","866-276-4871","8630 Massachusetts Gtwy","","Glendale, AZ","RI","01044","TD",2957,1528,35
1205,"Anne Gordon","Bonilla","Jesus","888-395-2756","6626 Clear Tulip Gardens","","Fort Wayne, IN","KY","50107","FO",2501,2650,85
834,"Christian O'Neal","Cummings","Bridget","888-772-5959","476 NE Topaz Falls","","Springdale, AR","NV","78080","LK",2385,1123,62
866,"Tia Vance","Herman","Eliza","888-666-9544","7948 N 481st Junction","1818 Quiet Mountain Row","Bangor, ME","PA","09884","HR",2518,1181,43
542,"Declan Erickson","Craig","Pablo","877-462-2411","4294 Stream Turnpike","7472 Jade Shore","Charleston, WV","MO","79648","ER",2939,4871,13
1113,"Moshe Booker","Simon","Elisha","877-284-6624","2707 849th Meadows","","Anaheim, CA","AL","34652","CU",2345,
1184,"Randy Hicks","Aguirre","Nathanael","800-315-1416","8864 Illinois Vly","","Gulfport, MS","MO","44065","BB",2333,2159,85
568,"Matthias Rose","Richmond","Cortez","800-611-8494","7538 Fifth Gardens","","Orlando, FL","NV","76634","UZ",2870,4543,74
684,"Ximena Patton","Duke","Yazmin","800-964-7018","2915 S Magnolia Hill","","Clarksville, TN","OH","07097","LS",2556,5409,34
811,"Cameron Swanson","O'Donnell","Nathanael","800-576-1656","2559 Golden Mountain Plaza","","Yonkers, NY","WV","53610","NO",2468,
1227,"Barbara Lester","Gill","Carli","800-299-9070","9753 SW Rose Ky","","Salt Lake City, UT","VT","92155","UZ",2556,4661,66
1216,"Bradley Rocha","Fox","Sienna","888-650-5430","5078 Oak Blf","","Durham, NC","OH","61148","UG",2232,4141,52
1217,"Diamond Singleton","Schwartz","Dominique","800-440-6448","5482 W Redwood Aly","428 Garnet Pike","Augusta, ME","WY","12811","TM",2174,4584,06
583,"Iliana Gallegos","Farley","Trinity","888-974-8539","3027 Poplar Fork","8828 N Sixth Avenue","Baton Rouge, LA","HI","40216","KY",2249,2034,25
757,"Samara Simon","Richard","Nichole","800-462-7029","1121 Quiet Ocean Circle","","Knoxville, TN","MN","19033","SA",2522,3162,79
796,"Sonny May","Montes","Armani","877-841-3660","9472 Ruby Vly","","Fort Lauderdale, FL","OH","16721","TV",2979,5197,76
1139,"Dandre Washington","Coffey","Tyler","877-855-2736","1955 E 906th Lodge","","Helena, MT","SC","96341","PR",2551,5355,81
1219,"Zion Holden","Roberson","Deangelo","888-481-9204","806 Light Sycamore Gateway","2660 N 377th Rd","Winston-Salem, NC","VT","97539","HR",2317,3438,07
906,"Bernardo Browning","Krueger","Elian","800-382-7492","670 S Pearl Green","","Lowell, MA","VT","28934","VU",2425,3232,79
1077,"Graciela Carter","Gentry","Elyse","800-775-3520","4633 E Oak Highway","","Norman, OK","ND","58864","BR",2486,3549,98
970,"Jermaine Hunter","Decker","Callie","800-423-2181","7601 Alabama Center","","Memphis, TN","TN","88615","SH",2111,2996,54
1092,"Autumn Hull","Wagner","Dallin","888-878-4016","5053 NW Lazy Mountain Lk","","Anchorage, AK","NY","30253","TG",2807,1853,58
1114,"Chris Johnson","Randall","Marquez","888-652-8232","5365 821st Meadow","8590 127th Byp","Montpelier, VT","CA","26067","AF",2180,2577,99
1165,"Luka Petty","Perry","Elvis","866-979-8970","2589 E Meadow River","5281 Nevada Fry","Chicago, IL","OH","52566","TJ",2309,5220,41
847,"Stanley Chang","Salinas","Curtis","877-955-6078","6917 S 873rd Fld","","Milwaukee, WI","MS","84076","GB",2794,3341,03
1164,"Ramiro Hernandez","Harmon","Aliza","877-295-4503","8271 SE Ninth Bridge","","Cedar Rapids, IA","OH","80796","MG",2772,2701,59
1149,"Joyce Lam","Davies","Brandon","866-336-2161","6361 Quartz Flat","5677 SE 96th Cmn","Clarksville, TN","MI","68968","LI",2486,
647,"Alexandria Hoover","Odom","Paige","866-522-7521","6332 E Light Peach Pass","3788 SE Minnesota Forge","Akron, OH","AR","09365","CD",2871,1761,92
1155,"Carl Grant","Gutierrez","Gage","877-941-3505","1202 SW Old Lake Court","","Boise, ID","SC","31638","AQ",2225,4352,73
1082,"Nathen Young","Neal","Precious","877-348-9289","3786 NW Round Walnet Mdws","783 New Mexico Knoll","Sacramento, CA","UT","75527","BS",2602,2510,9
982,"Carlos Avery","Willis","Daniela","877-349-0425","3795 N Idaho Gardens","","Billings, MT","GA","77038","GD",2177,2337,87
785,"Jimmy Swanson","Watson","Jesse","800-617-5784","2629 Wisconsin Meadow","9134 E Amber Jct","Wilmington, DE","FL","88329","QA",2821,5286,03
893,"Isabelle Wilson","Bean","Aydin","866-489-9355","6939 987th Bnd","","Charleston, WV","MO","48755","CU",2643,5072,18
902,"Zoie Leach","Hoover","Khalil","800-735-3734","9672 721st Vw","4358 Eighth Skwy","Savannah, GA","MA","27743","SM",2071,2900,35
718,"Maximillian Delgado","Henry","Gianna","800-890-0849","9235 SE Alaska Vly","","Provo, UT","MO","19664","SE",2991,4813,36
825,"Daryl Baird","English","Danica","877-424-2782","8818 NE 86th Crk","","Newark, DE","ID","96135","SV",2465,1294,24
631,"Clarence James","Miranda","Camryn","800-961-3477","3962 NE Illinois Flds","4075 W Pennsylvania Blf","Dayton, OH","ME","78853","SB",2894,2382,79
674,"Jazmin Leach","Woodard","Armando","877-998-5688","5538 Linden Pass","8960 366th Falls","Glendale, AZ","MS","78198","LK",2415,3849,91
1278,"Abigale Phelps","Wong","Tyra","800-501-1800","8387 Main Grns","5339 S Pleasant Cottonwood Pkwy","Lowell, MA","FL","00768","MX",2463,5721,65
551,"Brody Melendez","Hatfield","Jamel","866-472-4733","8326 733rd Alley","3158 S 138th Dr","Annapolis, MD","VA","68673","BS",2541,3330,92
556,"Cale Acosta","Jimenez","Anika","877-535-0943","5958 S Iowa Pt","","Fresno, CA","TX","78823","EC",2568,1681,8
815,"Tia Rivers","Merritt","Sterling","888-655-9732","7211 Emerald Station","","Buffalo, NY","NH","76843","YT",2533,2934,18
574,"Xavier Day","Bentley","Kaitlynn","800-392-1732","6372 SW Round Lake Aly","","Norman, OK","NC","01758","MT",2088,3396,96
953,"Harley Walls","Coffey","Nadia","877-786-6709","5038 383rd Corner","8496 Eighth Way","Lincoln, NE","IL","92596","GP",2900,3112,01
639,"Benjamin Mooney","Reynolds","Armando","888-657-3399","6292 NE Cottonwood Mnr","","Orlando, FL","TN","59477","EC",2123,
1025,"Wesley Mccoy","Rodgers","Donna","866-635-4644","9131 NW Palm Avenue","","Fort Worth, TX","VA","08866","BI",2551,5182,1
848,"Jaqueline Bird","Duncan","Melissa","877-564-8607","8112 SE Main Row","","Milwaukee, WI","NY","96091","BM",2180,3626,89
587,"Larissa Krueger","Mckee","Devyn","877-509-0663","2029 W North Carolina Spur","5309 N Wyoming Byu","Jacksonville, FL","GA","02366","BA",2505,1783,11
862,"Pedro Meyers","Strickland","Makenna","877-586-6677","6236 W Lake Grn","","Pocatello, ID","NE","23141","MP",2736,3907,24
522,"Conner Wagner","Nichols","Craig","866-761-1118","1460 NW 121st Jct","4480 NW Rose Bend","Stamford, CT","AZ","01179","SL",2614,5610,42
877,"Taryn Russell","Melendez","Nayeli","866-599-3258","4561 220th Gln","4737 SW 706th Ml","Dover, DE","MD","38324","PH",2200,4241,2
501,"Sheila Huffman","Haney","Jacqueline","877-751-5731","9512 Third Court","7039 424th Byu","Rapid City, SD","NE","97128","NE",2429,2036,91
816,"Gideon Mitchell","Compton","Mary","877-310-9456","7326 NE Third Shl","4429 NW Ruby Way","Cheyenne, WY","NE","69309","EE",2636,5488,12
805,"Maximillian Scott","Watson","Reuben","866-793-9640","9682 N Main Lock","1672 W Park Brook","St. Paul, MN","MO","64144","ST",2225,1186,29
1214,"Roy Huang","Walsh","Kayleigh","866-832-5783","6374 S 172nd Pike","","Augusta, ME","VT","24088","PY",2014,3018,09
1230,"Nathanial Sampson","Coffey","Leonard","866-426-0973","2488 Balsam Flat","6111 Ninth Riv","Billings, MT","TN","75726","SV",2370,5463,16
719,"Derrick Jarvis","Delgado","Reese","866-474-0513","4639 NW 186th Ctr","2365 SW 128th Trail","Elizabeth, NJ","MO","15130","LK",2505,1183,73
1277,"Tania Yates","Bautista","Nataly","800-429-9526","4384 Amber Path","597 Fallen Linden Fields","Huntington, WV","KY","26089","SV",2782,5510,6
1192,"Barbara Fernandez","Daniel","Nathen","877-992-4401","6024 Quiet Pine Vlg","","Charleston, WV","WY","77447","UA",2580,4007,75
1231,"Jazlyn Roth","Beltran","Myla","877-470-2248","1197 Seventh Mnr","7582 SW Third Sta","Memphis, TN","CT","30583","IL",2400,4066,61
1080,"Melany Harvey","Castillo","Kadence","866-778-6646","8725 Idaho Ml","","Carson City, NV","IL","65047","PF",2133,1455,5
509,"Keon Harding","Mccann","Brenden","866-886-8362","4758 Fifth Crst","6292 Jade Brook","Dayton, OH","HI","83902","GW",2634,
789,"Bella Mckay","Fritz","Blaine","866-244-3325","9821 NW Topaz Port","","Las Vegas, NV","VA","09539","EE",2141,4429,3
894,"Tatyana Hicks","Baxter","Kasandra","888-576-5746","9941 Jade Ldg","5791 NW Mountain Estate","New Haven, CT","AR","82642","CL",2873,4072,67
690,"Donavan Moon","Foster","Diana","877-327-3841","3644 NE First Port","2706 Poplar Est","Harrisburg, PA","MS","85379","DZ",2699,1403,11
688,"Aimee Hensley","Salinas","Zoey","888-369-5835","696 Rose Dr","","Memphis, TN","MD","35852","VI",2099,5091,61
518,"Kali Fleming","Carter","Efrain","800-732-5103","1413 E Massachusetts Common","","Louisville, KY","AK","10845","BY",2067,
1102,"Gerald Baxter","Ball","Adrian","877-420-0644","425 Eighth Xing","6030 Park Fields","Burlington, VT","MN","16684","GY",2617,3333,79
1269,"Louis Stanton","Finley","Eleanor","866-393-3324","8902 NW Persimmon Greens","","Charleston, SC","NV","77906","KP",2437,1223,98
896,"Craig Freeman","Hanna","Kaylyn","888-255-3826","4482 Kentucky Hbr","5795 SE 461st Byu","Tampa, FL","ME","10325","TT",2174,4330,86
1127,"Leanna Powell","Jenkins","Bryce","800-408-0432","8772 Lazy Stream Bayoo","","Anchorage, AK","NC","76770","NG",2111,2990,2
961,"George Cole","White","Messiah","877-461-2887","6736 Emerald Gln","5681 Crystal Pkwy","St Louis, MO","IA","53585","BA",2992,
1052,"Aliyah Sparks","Morgan","Kaley","800-360-2817","1249 216th Loop","","Boise, ID","NE","93491","HU",2615,4143,17
907,"Shannon Solomon","Barnes","Garrett","877-256-6567","2351 NW Illinois Jct","","New Orleans, LA","ME","76428","NU",2035,2056,04
925,"Blanca Pratt","Soto","Allison","866-348-2980","8447 Elm Trail","553 NE 279th Cv","Virginia Beach, VA","MO","45154","RE",2400,1304,46
758,"Selena Merritt","Montoya","Alfonso","866-227-2155","5448 Main Rte","","Sacramento, CA","CT","73497","KN",2225,5139,19
851,"Nigel Wilkinson","Conway","Christine","800-369-8768","283 E Bright Park Gdns","2289 W Pear Falls","Winston-Salem, NC","ND","01598","SD",2169,3595,31
1128,"Felicity Richmond","Mccoy","Jarrod","888-400-8534","6058 W Old Ash Row","","Concord, NH","VT","73259","AD",2395,3863,26
1140,"Harmony O'Brien","Potts","Wilson","866-618-3170","8495 Sapphire Garden","4562 NW Park Bg","Rapid City, SD","VT","71285","NO",2395,2867,48
1294,"Brooke Conrad","Tucker","Ainsley","866-688-0484","3160 Sapphire Row","","Tulsa, OK","IA","98355","BJ",2965,3701,67
516,"Katelyn Werner","Tanner","Aryanna","800-410-2697","6930 W Hickory Holw","","Reno, NV","SC","12783","UA",2866,4880,94
646,"Marcelo Dodson","Bender","Brad","866-846-2725","777 SE Kansas Brk","8557 832nd Cove","Vancouver, WA","AR","32178","TK",2981,1260,95
546,"Lindsey Payne","Hoover","Charles","866-560-4736","4505 390th Club","","Lansing, MI","MN","51329","VG",2938,3444,45
1095,"Piper House","Barajas","Malakai","866-759-7167","4897 67th Walk","","Memphis, TN","OH","46695","ZM",2544,1227,75
573,"Angela Bruce","Rice","Destin","800-704-2976","7874 NE 212nd Pl","3368 Eighth Burg","Bismarck, ND","ID","41189","KR",2501,5907,32
831,"Ari Patton","Glass","Conor","888-212-4307","7127 327th Hollow","","Raleigh, NC","VA","41580","BG",2821,4982,37
783,"Sincere Herring","Berger","Judith","866-212-9597","6736 865th Spur","","Bismarck, ND","AR","25161","IT",2019,
693,"Marcus Snow","Levy","Quentin","800-710-6857","8339 Park Skyway","","Tallahassee, FL","MS","63859","AG",2419,3179,32
664,"Dean O'Neill","Alvarado","Giovanna","888-380-9637","1820 S Sixth Crescent","","Norfolk, VA","OH","12398","LT",2364,3636,51
774,"Dayton Pennington","Tate","Brielle","866-238-6995","376 Eighth Flat","","Fargo, ND","IN","73720","MA",2424,3867,27
781,"Conner Sawyer","Sharp","Regina","800-872-2772","4791 Seventh Flats","","Shreveport, LA","UT","31236","HK",2030,4258,6
1274,"Bridget Roth","Willis","Zoe","877-251-3070","1670 Round Mimosa Byp","","Vancouver, WA","KY","36260","AI",2938,1529,21
973,"Jorden Velez","Bond","Tanya","866-800-0521","8248 Garnet Parkway","9214 N 780th Ferry","Missoula, MT","ME","81486","LY",2365,1996,76
1038,"Ashlee Wheeler","Terry","Iyana","877-493-8646","9360 W Garnet Mill","","Springfield, IL","UT","74046","BW",2119,4087,8
858,"Marin Watts","Moran","Reina","866-608-0325","9404 S Amber Glen","","Oklahoma City, OK","MI","38840","IS",2424,
1198,"Zachery Manning","Petersen","Corbin","888-471-4452","7921 Emerald Cv","","Charlotte, NC","OR","04463","TC",2870,5212,19
1151,"Libby Davila","Levine","Alexzander","800-473-5036","8647 SW 653rd Fls","","Harrisburg, PA","TN","80245","NL",2465,2688,87
748,"Harrison Ellis","Sawyer","Roger","888-550-8683","6214 Gentle Park Flat","","St. Paul, MN","AK","81843","CM",2861,5559,59
879,"Layne Hays","Orr","Kasey","866-313-1487","3907 Texas Isle","","Winston-Salem, NC","DE","16493","PT",2771,3612,01
1058,"Tyrese Lucas","Macdonald","Lamont","877-512-9491","4372 Sapphire Ln","","Warwick, RI","LA","85651","MC",2891,4226,24
709,"Brianna Ayala","Ewing","Zoie","866-543-9426","488 N Oak Cir","","Columbus, OH","MN","26526","PF",2541,5450,03
538,"Hamza Lee","Mcknight","Adelaide","800-546-5343","8862 W Seventh Dv","1704 SE 763rd Hbrs","Fayetteville, AR","CA","67497","BJ",2171,3228,73
652,"Sky Kemp","Gilbert","Kiera","877-271-7267","5756 Pear Square","","Mobile, AL","LA","24162","UY",2871,1911,94
683,"Sarah Cantu","Compton","Sierra","866-834-8952","6903 E 513rd Parkway","6725 E Main Ter","Detroit, MI","CT","85060","ID",2551,1935,17
1251,"Emilio Stein","Bishop","Lane","888-869-7289","3956 860th Flds","","Cleveland, OH","AZ","38354","BM",2202,2756,62
625,"Kendall Walton","Hart","Branson","877-582-8104","3275 Rose Cmn","","Jefferson City, MO","MO","06348","NZ",2598,2516,55
512,"Hannah Pope","Webb","Dwayne","800-732-1986","2024 Oregon Hills","5522 N Amber Ridge","San Diego, CA","MD","20519","TR",2425,5215,35
1193,"Jaydon Cantrell","Hutchinson","Violet","800-392-7759","6877 NE Amber Est","","Chicago, IL","WA","53037","RS",2200,5033,93
1161,"Chana Hardin","Briggs","Erika","800-233-4281","3156 N Lake Glen","3271 Broad Lake Run","Jacksonville, FL","AR","55769","VN",2602,4989,65
935,"Maia Craig","Valdez","Skye","877-970-6842","8450 NW Sapphire Grv","4714 775th Byu","Rochester, NY","NV","38801","SZ",2602,
856,"Melissa Beard","Middleton","Janiah","800-970-2588","8607 SW 852nd Brg","569 Main Park","Tallahassee, FL","VA","66327","RE",2556,
965,"Darin Pace","Patel","Marlee","866-253-6278","8850 Hill Trail","","Long Beach, CA","PA","87402","BE",2123,4392,35
706,"Kayla Kelley","Gilbert","Aliyah","866-711-5800","8443 W Lake Tunnel","","Naperville, IL","TX","87388","UY",2385,5097,53
540,"Nadia Ryan","Sloan","Carson","800-381-7689","3371 Mountain Ft","","Albuquerque, NM","FL","44078","TH",2772,1046,63
724,"Russell Cunningham","Shaw","Elliot","877-321-8876","4516 Emerald Burg","","Anaheim, CA","DE","41537","NA",2275,5543,59
558,"Jakobe Mejia","Holmes","Bryanna","877-508-7116","8542 E Crabapple Gdns","","Salt Lake City, UT","WI","27594","UY",2553,2027,95
888,"Karl Harrington","Clarke","Laney","877-522-6331","7391 E Hill Byu","","Fort Collins, CO","RI","17726","IR",2807,4064,88
840,"Bria Mcdaniel","Bright","Anastasia","888-375-3058","4319 Georgia Gdns","","Missoula, MT","NJ","65725","SO",2533,4007,9
1156,"Perry Singh","Benitez","Miriam","800-621-5003","9054 W Maryland Freeway","","Birmingham, AL","MS","60031","NC",2462,2246,63
1186,"Braden Sexton","Porter","Luka","888-755-7150","6364 Plum Bridge","","Minneapolis, MN","AZ","00781","EH",2318,3671,53
883,"Keyshawn Bender","Ferrell","Chana","877-481-3612","4508 NE Lake Parkway","3746 Dusty Ocean Knolls","Lowell, MA","NY","46132","JM",2014,1413,56
1159,"Wendy Norton","Atkinson","Wesley","800-392-9966","6788 Jasper Fld","","Houston, TX","NM","30589","JP",2871,1250,82
769,"Kenna Silva","Mccormick","Jaeden","888-749-6396","757 W Main Junction","","Erie, PA","NJ","56003","AS",2468,1437,22
773,"Aiden Bautista","Ferrell","Alayna","877-211-2630","6834 SE Jasper Shl","7804 Diamond Way","St. Paul, MN","AL","48844","DE",2526,2667,72
732,"Fiona Clayton","Cunningham","Ryland","888-647-8761","3195 SE Pennsylvania Brk","1584 Pearl Blf","Dayton, OH","PA","97793","SH",2219,1971,85
1176,"Alicia Chambers","Watts","Graham","888-241-2919","6496 Meadow Lks","4321 Second Glen","Dover, DE","ND","75530","GY",2219,5186
873,"Kobe Wolfe","Crawford","Hadley","800-963-0353","8078 Virginia Pike","9886 Elm Flat","Jersey City, NJ","TX","96555","TF",2318,1701,23
575,"Tobias Vasquez","Ewing","Delaney","800-770-7213","4335 Minnesota Gateway","","Lewiston, ME","CA","67841","GM",2213,5895,04
897,"Elyssa Farrell","Gould","Danica","888-550-7610","4194 SE Holly Clf","4257 E Second Aly","Warwick, RI","CT","85396","MX",2071,2181,95
1120,"Kyra Ayers","Friedman","Emanuel","877-482-9450","2755 SE Apple Pt","","Toledo, OH","WA","27999","PM",2866,1475,67
672,"Braeden Michael","Browning","Aliya","888-805-3503","1389 SW Sixth Pl","","Columbus, GA","TN","77246","MW",2368,
1129,"Harrison Dominguez","Love","Alison","888-998-6643","4713 N Washington Ldg","","Salt Lake City, UT","NV","58493","ZA",2336,1790,49
742,"Libby Castaneda","Kaiser","Kyla","877-731-8506","5997 S Kentucky Jct","1394 NW Second Rdg","Green Bay, WI","CT","41864","AG",2861,3461,17
799,"Dulce Fox","Caldwell","Kara","877-817-3908","2871 W Second Ctr","","Independence, MO","NM","31843","ST",2065,2530,9
670,"Eleanor Hicks","Cook","Ibrahim","888-607-6087","3707 Beech Cape","1225 Diamond Vlg","Denver, CO","GA","92642","NF",2333,4956,73
995,"Bailey King","Rogers","Austen","877-256-4739","6289 SW Third Trail","","Nashville, TN","FL","43106","MU",2562,1763,65
691,"Jaeden Mcdowell","Townsend","Melanie","800-839-2410","322 S Wyoming Vlg","3053 NW 227th Xing","Aurora, IL","ND","59127","ME",2419,3360,67
729,"Jair Snow","Arnold","Carolina","888-808-9374","5577 Mountain Way","","Knoxville, TN","MD","10081","JO",2420,5433,67
1091,"Ryann Kent","Francis","Juan","888-280-4525","4089 SW Garnet Fall","","Helena, MT","SD","01474","JE",2602,4813,85
826,"Kameron Fuentes","Gross","Nathaniel","800-829-6696","2700 W Amber Hill Frk","","Honolulu, HI","NC","88874","GU",2255,2816,78
1107,"Johnny Estrada","Edwards","Carlie","888-790-0767","7001 SE Crystal Bypass","","Richmond, VA","AK","70672","CA",2213,3473,97
641,"Maliyah Gould","Adkins","Jacey","866-438-3822","6489 Nevada Tunl","233 SE Ninth Dr","San Francisco, CA","IL","28415","NP",2067,1729,79
1044,"Kayden Steele","Mullen","Sierra","866-674-6615","7265 Ohio Hills","4713 NW Massachusetts Ky","Tocoma, WA","PA","63467","TJ",2317,1021,09
1258,"Augustus Dalton","Dixon","Kaitlynn","888-674-6201","5404 SW Opal Lodge","5335 First Xing","Fort Wayne, IN","AK","18653","MM",2177,4515,74
1100,"Gilberto Vaughn","Kim","Tia","800-241-0100","5145 E Kansas Aly","8247 Jasper Trl","Anaheim, CA","DE","21983","ES",2846,4308,6
701,"Hallie Costa","Stout","Derek","800-883-3068","8960 California Sq","9077 E Mississippi Circle","Davenport, IA","WV","62201","KR",2991,2068,87
900,"Mariam Tate","Reid","Rodolfo","866-327-8682","4238 SW Florida Vlg","8616 Crystal Gdn","Denver, CO","GA","81871","GN",2820,2551,68
1229,"Janessa Bradley","Hansen","Agustin","800-925-7432","723 Fourth Turnpike","","Norfolk, VA","MS","32687","SI",2683,5121,29
563,"Keaton Richardson","Mckee","Giovani","800-711-5898","7099 Quartz Bg","","Dover, DE","NM","74558","NR",2141,
1264,"Sheila Gentry","Watkins","Quintin","877-391-0156","3441 N Lazy Cherry Highway","4206 Second Loop","Jackson, MS","VA","92061","MD",2457,2532,98
590,"Elian Perry","Garza","Darryl","877-281-1952","6515 S Lonesome River Ranch","1605 SE Wyoming Vly","Houston, TX","RI","33214","LS",2420,4006,3
745,"Ryder Buck","Shaw","Jaime","800-507-7463","4332 Stream Grn","","Fort Worth, TX","NV","22054","AS",2996,1482,87
735,"Cali Weeks","Mitchell","Nathaniel","888-386-5457","4484 NW Fourth Park","4561 N New Jersey Tunl","Anaheim, CA","MA","25533","NO",2180,5463,54
695,"Paige West","Chase","Ainsley","877-538-4624","5710 Seventh Sq","","Huntington, WV","NV","07049","BW",2420,1094,05
761,"Kourtney Morrow","Higgins","Kody","800-236-8492","4533 549th Mdws","","Columbus, GA","MO","17553","AW",2167,5223,07
793,"Hailie Riggs","Good","Greyson","888-226-9040","728 296th Hls","","St Petersburg, FL","ND","91518","KN",2225,2071,9
1209,"Dasia Mullen","Blankenship","Carlo","877-955-4432","8668 Jasper Knls","5716 Fifth Ft","Concord, NH","HI","23853","IT",2690,5675,39
619,"Bryan Sheppard","Ewing","Julianna","866-844-8308","8043 W Lonesome Meadow Est","7467 Lonely River Hbrs","Columbus, GA","WI","22611","SE",2275,2543,36
513,"Carlo Schmitt","Branch","Simon","866-318-8329","9630 306th Cape","","Cranston, RI","UT","04404","BE",2368,3567,71
763,"Cassandra Tate","Cline","Brennen","866-353-9378","9939 E Sumac Rd","","Detroit, MI","MS","01514","BL",2914,5452,2
545,"London Richard","Harper","Manuel","888-746-3913","8201 First Spur","","Fort Collins, CO","SC","88854","PW",2702,
659,"Lina Hester","Riley","Leslie","877-464-5019","6267 Delaware Grove","4231 SE 217th Clf","Pierre, SD","OH","58151","IN",2119,3975,43
1110,"Brad Hanson","Blake","Jamie","877-908-1180","7942 Light Hill Hl","","Carson City, NV","FL","38990","RS",2133,2626,04
1046,"Malaki Greer","Kennedy","Cristofer","866-760-4209","9484 Palm Cove","","Columbus, OH","NM","33979","GF",2183,4334,21
523,"Rocky Schneider","Villanueva","Bruce","800-470-1114","4116 Opal Hl","4538 River Fry","Paterson, NJ","FL","31762","GU",2123,2071,64
980,"Conner Sanders","Carpenter","Isabel","877-708-1017","2729 E 987th Walk","6218 E Mississippi Mill","Hartford, CT","OK","73815","NF",2541,3436,22
910,"Diane Gay","Sosa","Brad","800-749-4726","1072 Clear Ocean Row","6111 First Fwy","South Bend, IN","KY","80868","YE",2833,4791,96
932,"Joy Black","Pittman","Cadence","800-692-3086","2167 Fourth Sta","8535 W 600th Pkwy","Raleigh, NC","NH","16406","ST",2415,5546,72
680,"Derrick Bryant","Garcia","Tommy","877-721-7401","1903 770th Corner","2921 NW Clear Meadow Gln","Springfield, MA","ND","71394","SL",2753,3280,89
963,"Mohammed Lawrence","Hooper","Casey","877-328-3708","3332 Park Strm","6318 Fir Run","Trenton, NJ","AL","30207","SA",2353,1040,31
1070,"Erica Watkins","Li","Grady","877-575-2277","5711 NE Sixth Harbors","","Topeka, KS","WY","08832","AQ",2643,3055,14
1041,"Essence Riddle","Leon","Noel","800-547-7673","1789 NW Hill Turnpike","2628 Dusty Pine Pass","Arlington, VA","NC","48319","CG",2225,5646,42
702,"Darien Todd","Lindsey","Bo","888-210-0962","481 N River Grn","","Winston-Salem, NC","NE","32997","DO",2991,5369,66
1233,"Lily Parsons","Lowery","Julie","888-805-3328","8236 Chestnut Port","3162 NE New Hampshire Drive","Fort Worth, TX","VT","21966","LA",2939,1778,76
885,"Waylon Sims","Bryan","Joanna","800-635-5567","5971 S 614th Dv","","Hartford, CT","MI","28631","CF",2333,2461,09
638,"Madalyn Berg","Mcmahon","Alonso","888-344-1832","8146 Fifth Cliff","","Pittsburgh, PA","UT","96196","NG",2014,4773,82
728,"Carla Bailey","Bright","Sheldon","800-874-8994","7844 Rose Sq","1735 N Second Fls","Seattle, WA","ND","26717","BB",2357,2418,33
524,"Kyleigh Flynn","Lindsey","Haleigh","888-489-1818","6436 Whispy Lilac Village","","Reno, NV","TN","90815","WS",2505,4597,33
552,"Estefania Herman","Hunter","Annabelle","888-562-4553","1443 833rd Flds","5567 N Illinois Fort","Erie, PA","PA","81069","TN",2073,5395,93
914,"Liliana Higgins","Tate","Angel","800-522-4576","2791 Birch Fld","8070 Third Fort","Anchorage, AK","MN","72352","PY",2501,2034,65
1266,"Danny Black","Stephenson","Aubree","800-809-2674","259 Golden Pear Key","","Las Vegas, NV","KY","79334","YE",2145,1523,25
948,"Kelsey Freeman","Lawrence","Sage","888-443-8869","6546 Second Freeway","569 River Flat","Chattanooga, TN","NJ","58173","VU",2870,4896,75
531,"Alayna Duncan","Hansen","Abbie","800-264-1266","4095 Lonely River Shore","1213 Stream Isle","Buffalo, NY","AR","46187","DJ",2614,2966,66
966,"Ebony Cruz","Reeves","Aspen","866-996-9201","6052 West Virginia Road","1828 West Virginia Lock","Green Bay, WI","PA","57299","HR",2813,5601,38
1101,"Cesar Cochran","Holt","Mackenzie","866-392-9483","7965 Mountain Lake","","Honolulu, HI","MN","76914","LT",2482,1267,71
809,"Jaeden Jefferson","Skinner","Hayley","888-811-8208","9178 SE 59th Ave","","Santa Fe, NM","VT","25473","LI",2751,4917,64
520,"Cora Thornton","Donovan","August","888-583-3783","3093 SE Redwood Shr","","San Diego, CA","WA","24712","RE",2967,2989,54
808,"Sam Koch","Humphrey","Evelin","800-590-3742","4874 Utah Fls","1936 N 572nd Alley","Cincinnati, OH","PA","17910","MQ",2035,2170,65
1287,"Stone Mayo","Burgess","Mollie","877-841-4886","3267 Locust Frg","","Augusta, GA","IN","19702","ML",2437,4536,15
1121,"Charles Campos","Lin","Brittney","866-651-5709","3380 Walnet Cove","","Mobile, AL","MI","68751","BD",2992,5649
1019,"Tyler Armstrong","Brock","Roland","800-445-8355","8006 Quartz Ter","","Frankfort, KY","LA","10975","LS",2040,5336,66
917,"Darin Fuller","Hart","Serenity","800-749-7909","4613 Emerald Crk","","Chattanooga, TN","LA","05235","BL",2019,1341,74
614,"Giancarlo Hurst","Ayers","Gerardo","866-618-0937","5557 NE Coral Lck","","Naperville, IL","AR","02365","AG",2751,5238,45
744,"Yandel Farrell","George","Simeon","866-763-5484","3385 SE First Gtwy","","Fayetteville, AR","MS","54954","SE",2751,1988,46
532,"Emerson Donaldson","Paul","Joaquin","800-594-4791","8642 NW 884th Rdg","","Fort Wayne, IN","NE","33800","GR",2463,2005,68
607,"Kristopher Wise","Williams","Marcus","888-690-2701","3720 Second Estate","","Reno, NV","WY","47860","RW",2043,1347,57
1150,"Raymond Pierce","Ashley","Shania","800-788-0265","6229 SE 67th Walk","519 Oklahoma Ville","Indianapolis, IN","FL","95028","VA",2225,3539,1
539,"Ashley Green","Thomas","Marshall","866-958-6500","6729 SE 760th Knls","7049 Sapphire Brook","Durham, NC","OK","44695","GR",2870,5508,11
1004,"Chandler Mcmillan","Poole","Amber","888-407-6501","573 SW Whispy Lake Prt","5981 Ocean Tunnel","Carson City, NV","MI","07784","EH",2424,5008,39
621,"Deacon Jensen","Dominguez","Matthew","888-659-0896","7986 Broad Orange Circle","","Cranston, RI","WA","70658","AU",2420,
1180,"Sidney Carney","Ayers","Walter","877-320-9006","4259 Crystal Keys","2958 W Walnet Hill","Providence, RI","NM","14155","DZ",2099,3043,6
629,"Dallin House","Ramirez","Hadley","866-626-5042","666 Hidden Fraser Skwy","3017 694th Terrace","Provo, UT","HI","62443","ZW",2923,1582,9
528,"Conor Khan","Benton","Alisa","866-753-3108","4025 Fifth Cor","3523 E Diamond Pt","Newport News, VA","WA","86986","MQ",2511,
