"EMPLOYEENUMBER","LASTNAME","FIRSTNAME","EXTENSION","EMAIL","OFFICECODE","REPORTSTO","JOBTITLE"
2690,"Hamilton","Corinne","NESR672741","sophia4@moodycoats.bh","DVXV411100",1165,"Sales Rep"
2309,"Solomon","Wyatt","MMHX939856","natasha18@chavezinternetservice.mq","IMAV418138",1165,"Sales Rep"
2368,"Baker","Dylan","UCSA779839","giovanna0@nicholsonseafoodrestaurant.net","TFAZ502100",1165,"Sales Rep"
2931,"Boyle","Bella","JVGR363341","kaelyn1@atkinsnetworkservices.com","TFAZ502100",1165,"Sales Rep"
2074,"Lucero","Guadalupe","KQTQ225880","carmen23@moodytravelagency.name","MXNE082001",1165,"Sales Rep"
2027,"Marsh","Marcelo","WOQL570803","brielle2329@cookeequipmentrepair.sh","QQOD169864",1165,"Sales Rep"
2522,"Howell","Kaila","EHQK964354","jovanny884@mayremovalservices.com","WLHZ556713",1165,"Sales Rep"
2813,"Mcmillan","Barry","LPQB470159","lane7163@gentryeyecare.org","ZOCN551251",1165,"Sales Rep"
2370,"Mccann","Sophia","SIDG210460","antony7440@sheppardconcrete.biz","TFAZ502100",1165,"Sales Rep"
2967,"Charles","Theresa","QAAL506912","savion12@griffithbagels.as","HWBC055294",1165,"Sales Rep"
2642,"Mata","Dayanara","YKBY377759","maliyah8247@ballardcommunityservices.dz","OJGH576375",1165,"Sales Rep"
2300,"Cabrera","Aspen","MISX797720","lila9@cardenasdaycare.name","LCSZ628535",1165,"Sales Rep"
2145,"York","Konnor","YJVW267642","carlo10@jarvistires.af","CAES545217",1165,"Sales Rep"
2395,"Richmond","Jaylin","ISRT864453","kamden1@harrellautoparts.pa","JNWP958477",1165,"Sales Rep"
2615,"Schneider","Jean","TIRR137562","morgan7@rbflorist.org","LCSZ628535",1165,"Sales Rep"
2651,"Blankenship","Mckenna","OODB571711","lawson91@fwzpbrokerage.org","IUTE927094",2370,"Sales Rep"
2794,"Klein","Paisley","RKMR805947","keyshawn2715@lawrencesalvage.dk","KUDT510138",2370,"Sales Rep"
2014,"Fleming","Janae","VMQB160399","jaylin0930@everetturgentcare.org","UCSU363432",2370,"Sales Rep"
2920,"Cline","Collin","DBQY073273","thaddeus8527@daughertybailbonds.net","YXJW959611",2370,"Sales Rep"
2350,"Carroll","Aliya","JBVK193354","roberto13@bruceinsuranceagency.bo","MCUO976731",2370,"Sales Rep"
2019,"Mejia","Junior","XDIO170205","zaire18@doylesalvageyard.st","ZPAQ463916",2370,"Sales Rep"
2035,"Dixon","Abigail","DTAH000038","wesley78@nashshredding.biz","EJUG808036",2370,"Sales Rep"
2249,"Simmons","Yaritza","ONAV580171","braedon9@ewingroofing.name","MUSG538004",2370,"Sales Rep"
2041,"Watson","Gracelyn","AIMG714319","abram7685@uafremovalservices.eh","LCSZ628535",2370,"Sales Rep"
2643,"Arias","Angelo","FBQU049042","isabela34@qceochineserestaurant.biz","DLPV135447",2370,"Sales Rep"
2866,"Wilson","Alonzo","SGYE205650","janelle29@kaiserdrycleaning.org","QQOD169864",2370,"Sales Rep"
2073,"Moss","Joy","JKXN581956","ernest05@kaufmanconcrete.net","MCUO976731",2370,"Sales Rep"
2568,"Lyons","Kenna","EYAG342097","ellis69@htcuhvacrepair.kg","NRYE895141",2370,"Sales Rep"
2888,"Hoover","Gwendolyn","IVMC649183","francesca9245@maysfuneralhome.tl","IHRW250435",2370,"Sales Rep"
2095,"Gallegos","Jovan","ZFKN378569","dawson67@xnysbar-b-cue.ug","KTYP522050",2370,"Sales Rep"
2556,"Nielsen","Ethan","RYOQ592160","kaden5@vbpncomputerrepair.com","UEVZ169312",2041,"Sales Rep"
2123,"Savage","Darian","MKHB958313","cale751@blakepartyplanners.mn","KEGS633927",2041,"Sales Rep"
2219,"Palmer","Gilbert","JLQF961074","ulises1@tapianetworkservices.net","PKJH075295",2041,"Sales Rep"
2292,"Navarro","Abdullah","CTJE897592","celeste0@qbkmiddleschool.sy","HENY789757",2041,"Sales Rep"
2998,"Patrick","Taylor","EGMY534993","evelin7003@shannonurgentcare.net","RUYR223461",2041,"Sales Rep"
2400,"Blanchard","Carmelo","FACM424744","sandra521@castanedacomputerrepair.info","UCSU363432",2041,"Sales Rep"
2541,"Knight","Joshua","KJJU028620","kobe4@lararestoration.name","JNWP958477",2041,"Sales Rep"
2305,"Matthews","Harmony","PKSD420862","braylon0918@ihhighschool.net","TGLA926004",2041,"Sales Rep"
2777,"English","Jerome","PSGJ817389","amelia36@summersshipping.net","MUSG538004",2041,"Sales Rep"
2043,"Sawyer","Hector","TSDM233949","jocelyn56@hopkinscleaning.gf","SCMP324458",2041,"Sales Rep"
2610,"Cross","Issac","FVNE042964","brisa3@watersgeneral.kp","NRYE895141",2041,"Sales Rep"
2986,"Lamb","Kate","BMQA275072","yair566@uftinspection.name","IVRF425524",2041,"Sales Rep"
2996,"Mcpherson","Danica","EZEM197849","scarlett099@pacehiking.name","XUIT703688",2305,"Sales Rep"
2413,"Bautista","Arely","AEOJ213499","judith78@benitezclothingstore.biz","LACZ250988",2305,"Sales Rep"
2202,"Giles","Sydnee","VITL857615","derrick5@bwsuits.com","GOIF170828",2305,"Sales Rep"
2617,"Padilla","Clarissa","OTYG221984","karly1021@cyhomeownersassociation.com","MUSG538004",2305,"Sales Rep"
2318,"Roth","Payton","VHXF369430","fernanda944@fischeremploymentagency.org","YSZL211971",2305,"Sales Rep"
2861,"Knox","Gavyn","TEGH805543","rodolfo4350@fraziertuxedorental.bt","JWUF545171",2305,"Sales Rep"
2900,"Norris","Wade","NUJN190361","vanessa04@gallegoscarrental.id","RPWB978069",2305,"Sales Rep"
2436,"Fry","Tommy","HTCO899162","kaden00@masseymotel.net","MCUO976731",2305,"Sales Rep"
2583,"Horne","London","MKZP270208","arthur5235@woodsbank.com","HGLJ889969",2305,"Sales Rep"
2544,"Peterson","Megan","DVMA184892","amari7131@chtmroofers.gi","ZELZ556246",2305,"Sales Rep"
2420,"Pacheco","Josephine","MSRQ227697","tamara27@asyadoptionagency.mw","MRKZ192766",2305,"Sales Rep"
2782,"Becker","Tamara","YIPZ826674","bridget6267@drsadentistry.sv","NSSO523922",2305,"Sales Rep"
2169,"Bonilla","Henry","VIVK215688","trevon06@wxscomputerservices.info","LACZ250988",2305,"Sales Rep"
2766,"Koch","Georgia","MBJJ269432","tyler80@keztuxedorental.net","FAFN039997",2305,"Sales Rep"
2317,"Mullen","Vicente","HHAL841197","genesis919@wilkinscommunitycollege.mf","DDWF559313",2305,"Sales Rep"
2939,"Barber","Hailie","ETGU908332","jeremy94@jensenrentalagency.mo","JWUF545171",2305,"Sales Rep"
2133,"Winters","Alonzo","HMCD983506","tia6149@owjhpoolinstallation.pn","HENY789757",2305,"Sales Rep"
2365,"Moss","Carmen","TSFL376899","chaz4522@kiddfurniture.info","UCSU363432",2305,"Sales Rep"
2723,"Curry","Joanna","MUNX087914","clifford1@trujillonursingschool.jm","ELJS689752",2133,"Sales Rep"
2462,"Zavala","Jeramiah","JKOY478328","amarion6@dennisfinancial.biz","DVXV411100",2133,"Sales Rep"
2680,"Frye","Gabrielle","NNBO678083","madilyn4481@umlensandglasses.biz","LCSZ628535",2133,"Sales Rep"
2602,"Le","Osvaldo","PEAK907799","isabelle5364@bergerhvacrepair.net","SICW662991",2133,"Sales Rep"
2263,"Bauer","Haven","PCHV556458","russell30@hayesusedcars.tm","DYMU033014",2133,"Sales Rep"
2526,"Curry","Keely","GCAD477378","bailee425@gsiesteakhouse.biz","TGLA926004",2133,"Sales Rep"
2201,"Pruitt","Skylar","QAYE104749","ahmed8@carsonhotel.net","FXXF361193",2133,"Sales Rep"
2814,"Berry","Oliver","VZEY257433","katie7@sxartstudio.an","FAFN039997",2133,"Sales Rep"
2894,"Roth","Taliyah","XFOS550814","peyton9@acprinting.org","OJGH576375",2133,"Sales Rep"
2938,"Spears","Ahmed","PKIA177889","octavio975@richardsadoptionagency.name","DYMU033014",2133,"Sales Rep"
2798,"Fields","Amir","MODV546081","dennis9078@ashleynursingschool.sj","TAFV352084",2133,"Sales Rep"
2442,"Vang","Jaxson","KHWQ978835","april3671@vnmiddleschool.org","TAFV352084",2133,"Sales Rep"
2871,"Pratt","Martin","QRNJ054933","abigayle015@hickmanhealthcare.net","LACZ250988",2133,"Sales Rep"
2167,"Walton","Cecelia","LAZF347172","aliza2@kdshipping.info","MCUO976731",2133,"Sales Rep"
2111,"Mccullough","Gustavo","ETSO702097","selina0258@munozdriverseducation.org","SCMP324458",2133,"Sales Rep"
2827,"Hammond","Vance","GSSU590817","orion77@vyzpestcontrol.li","XUIT703688",2133,"Sales Rep"
2267,"Mccann","Zain","YYRP432444","natalia8488@xzrconcerthall.name","TFAZ502100",2133,"Sales Rep"
2495,"Neal","Cannon","SNPK578542","ronan9495@allenconsulting.cf","KTYP522050",2827,"Sales Rep"
2030,"Mosley","Quinn","JZMP847982","luke33@russoballoons.md","TTJO278444",2827,"Sales Rep"
2362,"Watts","Danielle","LWFX000655","louis01@zukhats.au","IUTE927094",2827,"Sales Rep"
2162,"Mathews","Aylin","XGGA558789","kendall192@ramirezautorepair.sc","PADY366218",2827,"Sales Rep"
2071,"Lozano","Denzel","HJYV878204","alvin214@harrisheatingandair.name","YSZL211971",2827,"Sales Rep"
2454,"Petersen","Graham","GNCT584229","trinity683@mannlensandglasses.name","EJOJ643689",2827,"Sales Rep"
2040,"Holloway","Selina","XBWL531856","alexis9@cobbconsulting.tm","WPXI529352",2827,"Sales Rep"
2687,"Escobar","Aileen","XAUM853364","genevieve3@benitezconsulting.net","CYZK052655",2827,"Sales Rep"
2180,"Mata","Kelly","RTCD207085","kaliyah763@yangusedsales.name","UGTO912367",2827,"Sales Rep"
2771,"Griffin","Braxton","REIZ882443","carolina7232@hillcoats.com","ZBLG388616",2827,"Sales Rep"
2653,"Lucero","Iris","OBVS865336","mario94@maldonadoconstructionequipment.fo","KDUW553345",2827,"Sales Rep"
2067,"Pacheco","Gabrielle","SFRM019813","javon2@orrdrycleaning.cg","KUDT510138",2827,"Sales Rep"
2225,"Sellers","Darion","FIQM524691","presley8@kimweddinggowns.info","MMVX695685",2827,"Sales Rep"
2991,"Mays","Sawyer","QLIT198291","omari26@stricklandcommunitycollege.name","CAES545217",2827,"Sales Rep"
2336,"Li","Maverick","QUUR762810","dorothy72@sweeneyusedcars.net","KEGS633927",2827,"Sales Rep"
2437,"Gallegos","Kenzie","GWCQ796436","keenan7287@buckcomputerservices.name","WPXI529352",2827,"Sales Rep"
2385,"Harrell","Trace","TJLO298222","lola728@lozanowindows.com","FXXF361193",2827,"Sales Rep"
2255,"Houston","Darren","YWWL023738","tobias5085@phelpshiking.com","FQII257961",2827,"Sales Rep"
2736,"Meadows","Jamel","FVGM657614","galilea152@grimessalvage.com","WLHZ556713",2827,"Sales Rep"
2171,"Vargas","Belinda","BMLA844754","troy0@cruzsigns.org","LOYS647010",2827,"Sales Rep"
2213,"Briggs","Aaliyah","EXXO866116","calvin79@stricklandprinters.mc","FEFX207650",2827,"Sales Rep"
2088,"Santiago","Nicholas","MDYC989913","celeste3538@walshsalvageyard.com","HXUZ404510",2827,"Sales Rep"
2551,"O'Connell","Lawson","WOVF899976","marshall3527@grantautorepair.bi","HGLJ889969",2827,"Sales Rep"
2468,"Skinner","Hillary","OPUI182231","madelyn667@ffcommunitycollege.org","MMVX695685",2827,"Sales Rep"
2498,"Bailey","Kenzie","JBKE955079","naomi0@reyestires.net","RXJB687313",2827,"Sales Rep"
2258,"Vasquez","Greta","BMXU202094","shannon7323@lawsonbar-b-cue.org","XUIT703688",2827,"Sales Rep"
2425,"Ellison","Kelly","VSSL406504","ebony318@wegreekrestaurant.bw","TAFV352084",2827,"Sales Rep"
2193,"Hensley","Trista","OVLZ332322","dakota17@cbuqshredding.net","UWXW078776",2258,"Sales Rep"
2753,"Hale","Richard","DUSC900076","jessie5738@nguyenhotel.org","ILQH570516",2258,"Sales Rep"
2097,"Zimmerman","Carla","OUKD473729","jason3@ghaautohouse.name","TCEP152749",2258,"Sales Rep"
2598,"Trevino","Spencer","YMJD078789","samantha8001@burchequipmentrepair.iq","QPNP355058",2258,"Sales Rep"
2954,"Doyle","Dorian","HIPC289469","jagger77@ramoshealthcare.org","UCSU363432",2258,"Sales Rep"
2699,"Brown","Margarita","GXYG742586","emilio3@tkcshoes.gq","EXJX701911",2258,"Sales Rep"
2957,"Sawyer","Ibrahim","UADA186022","alexzander753@hoffmanroofing.info","KSCX996317",2258,"Sales Rep"
2712,"Meadows","Janiya","GDAS115857","roy065@barrerapartyplanners.nc","JPPY542252",2258,"Sales Rep"
2039,"Woods","Miranda","WQLE746383","kale7921@watsonflooring.biz","OJGH576375",2258,"Sales Rep"
2571,"Houston","Isis","CLWI696715","allyson4@kcyggreekrestaurant.bd","SCMP324458",2258,"Sales Rep"
2689,"Glass","Megan","SRBF222582","kylan944@tylerheatingandair.net","IHRW250435",2258,"Sales Rep"
2807,"Sanchez","Monique","DYGA849078","lizette918@castanedacleaner.sc","YXJW959611",2258,"Sales Rep"
2141,"Guerra","Hailey","FHRA261551","kian5307@nwjequipmentrepair.info","DYMU033014",2258,"Sales Rep"
2923,"Lowe","Jamari","AIHF105516","kelton689@matamachineshop.bs","UCSU363432",2258,"Sales Rep"
2174,"Montoya","Fredrick","SXOS710153","sienna7@gncleaning.net","YXJW959611",2258,"Sales Rep"
2200,"Esparza","Armani","HCVJ070807","trent09@iiutwindows.info","KSCX996317",2258,"Sales Rep"
2353,"Daniel","Angelica","SDMP019735","carlee3541@velasquezelectricalsupply.sz","TTJO278444",2258,"Sales Rep"
2914,"Robles","Dominick","CNIS804058","allan2710@mileslogistics.uy","DYMU033014",2258,"Sales Rep"
2562,"Calderon","Stella","NAQW856114","sullivan61@beasleyeyecare.info","PYDE154679",2258,"Sales Rep"
2518,"Alvarez","Judah","QYFU323414","rowan7489@zohats.info","YSZL211971",2258,"Sales Rep"
2233,"Wilkinson","Dillan","WTRH103390","ivy051@murphyhardware.info","XUIT703688",2258,"Sales Rep"
2429,"Bass","Leroy","LPYY552884","jordyn1@schroedershredding.net","CAES545217",2258,"Sales Rep"
2846,"Mcconnell","Duncan","VROH566014","isai9560@zimovierental.ps","HWBC055294",2562,"Sales Rep"
2232,"Mcknight","Hayden","XTBI461201","felix013@brewerplumbing.name","YEYH294560",2562,"Sales Rep"
2979,"Gould","Priscilla","HZBE959132","ellis6299@simoncycling.name","DVXV411100",2562,"Sales Rep"
2438,"Holder","Kendall","TRFC380489","colton030@villaartschool.info","WPXI529352",2562,"Sales Rep"
2457,"Petty","Cannon","KHIB703643","tessa7@o'brienartstudio.lr","YHSJ695868",2562,"Sales Rep"
2290,"Marsh","Jazmin","VAFQ843048","kennedi103@yorkballoons.pk","VWVC990401",2562,"Sales Rep"
2772,"Crawford","Damion","ZPKQ902999","lizette9@bankslimoservice.org","JWUF545171",2562,"Sales Rep"
2820,"Griffith","Skyler","JAGL363188","bailey514@garrettballoons.mo","HWBC055294",2562,"Sales Rep"
2751,"Chaney","Abram","MAGN203687","greyson188@guerrahealthclub.name","DLPV135447",2562,"Sales Rep"
2119,"French","Darnell","FRXO162044","emilee196@xiqgovernmentservices.com","UGTO912367",2562,"Sales Rep"
2099,"Pacheco","Rolando","ZXCY618586","kelly92@kirbypartyplanners.info","IVRF425524",2562,"Sales Rep"
2463,"Farley","Heath","FMPH791989","madelynn981@fordlaundromat.net","XUIT703688",2562,"Sales Rep"
2092,"Stanton","Jay","GVGT576300","chance0403@sivecablecompany.info","FAFN039997",2562,"Sales Rep"
2898,"Duran","Bryant","IRHS968311","athena9@wncarrental.biz","YSZL211971",2562,"Sales Rep"
2183,"Cuevas","Kourtney","KSPN190284","lesley9@fernandezfuneralservices.ao","QUXD706376",2562,"Sales Rep"
2621,"Carlson","Vanessa","UACH369390","devyn3@goodcampground.name","QZDW205443",2562,"Sales Rep"
2231,"Raymond","Ayla","EHED200136","denzel31@vxequipmentsales.pm","FQII257961",2562,"Sales Rep"
2606,"Lester","Alexandro","VZIY531962","krish08@gomezhiking.biz","GOIF170828",2562,"Sales Rep"
2870,"Kirk","Kennedy","DGJT336125","addyson15@retocycling.name","TFAZ502100",2562,"Sales Rep"
2634,"Harvey","Makenna","XWMF205669","matias114@frenchstorage.name","TAFV352084",2562,"Sales Rep"
2636,"Rojas","Aspen","JNBK213648","annalise1925@bowmancomputerservices.cz","LYQN600176",2562,"Sales Rep"
2419,"Cooley","Steven","NHOT368440","maddison800@kzrxhardwarestore.net","YHSJ695868",2562,"Sales Rep"
2344,"Stewart","Kaleb","PNZV238440","leonel357@claytonemploymentagency.info","UIBU878374",2606,"Sales Rep"
2981,"Gomez","Dashawn","GEUG475356","draven9547@carrollfishingshop.com","JPPY542252",2606,"Sales Rep"
2357,"Martin","Nicholas","SSGQ651518","brenden2@nhsbcomputerrepair.lt","YEYH294560",2606,"Sales Rep"
2561,"Dalton","Reese","GEIX586073","demarcus5413@sntransmissionrepair.cl","TAFV352084",2606,"Sales Rep"
2450,"Rubio","Stanley","KGKJ143456","rosemary0150@myersjanitorialservices.lv","GRXW402689",2606,"Sales Rep"
2533,"Griffith","Joyce","STHB412679","rene911@wigginsseafoodrestaurant.biz","DLPV135447",2606,"Sales Rep"
2673,"Noble","Angie","HEYU095653","callie879@penabank.org","TZPZ398057",2606,"Sales Rep"
2055,"Williamson","Clara","ZCSB839364","amiya2@bryanpharmacy.name","CMJR930716",2606,"Sales Rep"
2614,"Cherry","Alonzo","MRZZ450753","micah120@santanabar-b-cue.net","IVRF425524",2606,"Sales Rep"
2364,"Lara","Zack","SVLM303056","tania09@mercerfinancial.net","DLPV135447",2606,"Sales Rep"
2966,"Rowe","Aydin","CJXA952797","bridget0042@lamcomputers.org","PKJH075295",2606,"Sales Rep"
2505,"Eaton","Emery","URAI865468","elise2@keithofficefurniture.biz","MCUO976731",2606,"Sales Rep"
2191,"Price","Eliza","GIVG905243","lorelei8403@zpvdinspection.org","RXWA844576",2606,"Sales Rep"
2889,"Long","Paloma","UVFI252927","giovanni1417@terrellweddinggowns.com","JFSN120579",2606,"Sales Rep"
2580,"Dodson","Jade","RJIH563783","jayce3900@ayersurgentcare.org","QUXD706376",2606,"Sales Rep"
2211,"Rich","Norah","WNSV030592","ayana88@sanfordmaidservice.info","TFAZ502100",2606,"Sales Rep"
2873,"Mcclain","Marie","MGXP202314","shaylee4274@garnerapartmenthomes.mv","UIBU878374",2606,"Sales Rep"
2501,"Rowland","Aryanna","JYGX949058","gianni47@romanfinancial.name","IHRW250435",2606,"Sales Rep"
2482,"Wallace","Amira","WNJR800402","alexus5@bonillaconcrete.info","UGTO912367",2606,"Sales Rep"
2065,"Thompson","Kelton","WXTJ774395","reed9726@olsonshredding.cz","DVXV411100",2501,"Sales Rep"
2847,"Rasmussen","Hailee","XNGT682295","ernest0086@brewernursingschool.name","BQIW512878",2501,"Sales Rep"
2965,"Cooley","Alysa","PMMQ602425","alexandra46@pproofers.pa","DYMU033014",2501,"Sales Rep"
2821,"Simpson","Curtis","PIDK265767","adonis1994@glassautoservices.sr","FXXF361193",2501,"Sales Rep"
2511,"Kent","Mark","LGSA243846","amira7558@montgomerylensandglasses.to","CYZK052655",2501,"Sales Rep"
2891,"Cooper","Cameron","FXRL586924","blaine9@solomontempagency.name","QZDW205443",2501,"Sales Rep"
2486,"Rocha","Sammy","LNQK960249","jefferson20@salazarmovierental.il","SVZO791744",2501,"Sales Rep"
2779,"Crane","Coleman","HTEW540007","gisselle66@hoodcycling.net","HXLX074057",2501,"Sales Rep"
2087,"Curtis","Michael","RMFE486488","parker11@lloydartstudio.gw","SICW662991",2501,"Sales Rep"
2465,"Nielsen","Jameson","RLVD888790","nya9004@bankscampground.info","TFAZ502100",2501,"Sales Rep"
2633,"Marshall","Sydni","QMTK380995","karson2626@fraziercarrental.nf","WLHZ556713",2501,"Sales Rep"
2177,"Shields","Yazmin","UDPT153380","josie244@clarktreatmentcenter.name","VSVL329287",2501,"Sales Rep"
2936,"Lester","Christina","LRVH179342","maura4286@kellytransmission.org","ZELZ556246",2501,"Sales Rep"
2224,"Garrison","Keely","PWYV422674","macey7449@lamblocksmith.org","NQFX239213",2501,"Sales Rep"
2343,"Strickland","Justice","TBAB435478","marina4@jwequipmentrental.za","XUIT703688",2501,"Sales Rep"
2008,"Ross","Ashleigh","XEOA931822","jaime1705@robbinshighschool.org","ZPAQ463916",2501,"Sales Rep"
2715,"Wilkinson","Paisley","SUBQ085738","ralph4@cervantessavingsandloan.biz","IUTE927094",2501,"Sales Rep"
2248,"Charles","Tucker","CBUY646842","katelin903@blxbinvestigation.biz","QQOD169864",2501,"Sales Rep"
2999,"Chambers","Blaise","ZFHS160634","jade1@glennsiding.biz","SVZO791744",2501,"Sales Rep"
2264,"Monroe","Brian","ACXV756852","deja50@conneritalianrestaurant.com","TFAZ502100",2501,"Sales Rep"
2674,"Moreno","Ezequiel","OFLA239846","baylee3522@ptqjchildcareservices.er","DVXV411100",2501,"Sales Rep"
2553,"Mcclure","Marisol","AHRA341219","jamir1@qrqymaidservice.info","MUSG538004",2501,"Sales Rep"
2702,"Brewer","Tristian","OASY142185","anabelle3@bishopmovers.net","CMJR930716",2501,"Sales Rep"
2415,"Spears","Mauricio","OBGB913742","orlando9@staffordhardwarestore.hn","JNWP958477",2501,"Sales Rep"
2018,"Bernard","Madilyn","TEGR964241","yandel855@hensleygolfcourse.net","DLPV135447",2501,"Sales Rep"
2424,"Foster","Linda","ZTFM799151","marilyn97@haysflowers.net","HXLX074057",2501,"Sales Rep"
2345,"O'Brien","Beau","YUWX664755","macey23@upqfuneralservices.net","RXJB687313",2501,"Sales Rep"
2892,"Beard","Vaughn","KXQP929640","meredith5269@bestusedsales.biz","GOIF170828",2501,"Sales Rep"
2992,"Berger","Adrienne","WPRP806628","kaya8@burtoncellphones.biz","RUYR223461",2501,"Sales Rep"
2833,"Lynn","Kaia","XVZZ961560","jade8788@hkhmbagels.info","WHSA335243",2501,"Sales Rep"
2333,"Griffith","Carlos","LTTK368533","draven1930@krauseshipping.com","KDUW553345",2501,"Sales Rep"
2275,"Lam","Aidan","QAOT304991","ximena621@acevedoemploymentagency.org","PADY366218",2501,"Sales Rep"
2683,"Morrow","Warren","DAQK048295","deonte19@murillobar-b-cue.biz","LYQN600176",2501,"Sales Rep"
