"ORDERNUMBER","PRODUCTCODE","QUANTITYORDERED","PRICEEACH","ORDERLINENUMBER"
11448,"kgxYtDqxiEL",46,348,03,1
11801,"TeFsvaFyaXSH",6,332,32,4
11901,"slirctqpni",30,347,73,7
11165,"uCdFkqIfIXXyX",6,300,22,7
10669,"NWzhvOlvz",19,344,07,7
11987,"kDuYtnMZ",25,335,71,7
11923,"lNeRqYUUO",50,318,55,6
10719,"pPApvFYpyIMrze",1,331,08,7
11213,"dUkHtParoF",24,309,16,2
11639,"PUViQBDwEdPoiKS",30,346,69,4
10732,"HyTUPYhOO",15,345,46,2
11702,"ybySivmcTyAKF",22,342,95,3
11116,"tchXzljA",2,319,87,6
11319,"opMAEBUQM",1,318,44,4
11710,"hZmIyzHqLRiIpTh",33,318,1,4
11353,"IrilWtqfl",48,313,81,2
11065,"DZAKIOmT",20,314,18,6
10808,"FoqTfixzbFgQCk",16,314,02,3
11744,"hIviEZWniBWWzO",34,339,03,5
10909,"EPoEVAweI",15,349,08,3
11597,"IUjqlPiWDfAn",39,308,11,5
10723,"qZFbNPBpj",31,341,76,4
11631,"pXqewBAeJUzY",3,336,95,3
10626,"NnxbREaFx",20,333,87,3
10640,"BfHKxCMvfB",44,348,04,6
11345,"nbEdmexxW",36,308,26,6
11516,"vfjGBsmvF",35,332,66,3
10565,"YDMLftBlk",23,314,39,1
11302,"ahwVKllMt",43,300,63,6
11419,"lvBPeNEhAWq",16,344,21,3
10902,"OUIvVfoEuGfV",2,338,85,2
11845,"DgGqHLgtTAMB",31,334,85,5
11500,"wHZTEalSttK",29,346,54,2
11171,"jsZFtMUlTG",42,330,76,3
10755,"vfjGBsmvF",40,301,32,1
10535,"tGCySvUILz",26,341,22,6
11534,"laGzRYMJvpYMR",13,343,62,4
10619,"CyhgOSLxn",11,307,99,7
11816,"CRnqtsBRTtZU",41,336,31,2
11092,"SiuKEQyESUBU",35,304,75,3
11252,"brRgBbqiVxCY",13,301,49,3
10708,"OkGapKxMUS",19,338,93,6
11692,"fZSDjHZCQ",25,346,85,4
10913,"xvnTqiROxMPnvtG",40,310,43,3
11334,"OaxTspxvjC",18,337,06,7
11888,"mPOAqUCCMXs",31,338,49,5
11451,"cngrhuObVTCwoaT",18,342,92,1
10995,"PPXyzGGcozL",25,304,69,5
11561,"plgdvvxKHcIvSOP",13,314,8,6
11538,"rHnsdULkFVkC",36,325,89,2
10716,"BeowRsVLEX",47,344,42,2
10619,"apzdnBGagXqn",23,317,66,6
10796,"ncHAZmwCrqdOLC",18,343,58,2
11732,"HyTUPYhOO",1,336,41,4
11457,"plhVaZKbm",5,325,53,2
11456,"vyhhSZPGRSLaSr",39,344,65,5
11720,"wHZTEalSttK",2,346,92,3
10876,"vektmdTIoFuxKMI",3,349,06,5
11277,"oUWkyqMCEqG",23,302,41,4
11875,"tkMxMfVKkwVk",30,345,39,5
11054,"yzHlvmEw",47,336,89,7
11045,"UnNHvkEG",14,332,03,6
11008,"mVizUpmBVBToZqU",19,309,37,1
10551,"APuArKWJLjdl",11,310,3,4
11065,"kubiRROaNn",43,321,91,2
10814,"ElUlkyewYvpePK",19,304,11,3
11915,"RpuDEfeIdUYnEe",4,314,62,2
11381,"eeaLuoubkR",14,342,49,1
11811,"ynDNQzwmAbav",39,306,86,4
11799,"yYWROMmGeYxvU",29,310,11,7
11641,"oDtpZdtqCLObH",6,330,24,1
11961,"HXmXviNTafiw",27,348,27,1
11092,"hYhItRURrBjOCja",12,334,49,2
11017,"EhIxXHxJfQUQjx",29,310,28,4
10814,"tnldFFIUrUxfkS",11,308,75,5
11577,"jpLbRKQBxLoloA",30,303,86,4
10599,"cffuQFAkyBDFC",7,313,68,7
10561,"fHAHoqAoEKNbL",26,340,45,6
11887,"NrLBZoryk",16,335,87,3
11922,"XFyyAlrlLEijEwr",23,334,37,6
10731,"tUIwTvwonhoZG",29,347,44,5
11826,"AGPkOZLXgDIV",26,331,41,2
10974,"xbPMdZue",5,304,25,3
11163,"uYIOgKVCbczM",38,350,03,4
11524,"qZYKXZOgmr",21,338,18,1
11820,"hmRYQxmIEykUH",12,300,84,7
11775,"AGzYzQZw",31,341,85,6
11104,"FCeUWDMOsYkc",47,309,85,6
11182,"TcgOKVEUlG",34,347,67,3
11811,"opMAEBUQM",4,306,5,1
11026,"RoudbtBmBfo",21,313,69,3
11417,"YsHaOdGjAsO",7,348,24,7
10548,"CwnXqpprH",36,335,97,6
11203,"teQfsHOcoRV",19,313,32,1
10726,"NtbdTFBU",44,333,02,4
11433,"TLviyLBPbBJ",1,306,26,1
10777,"ehVKKrOxepuzq",16,349,43,6
11399,"UBiLglBQFRgOZq",11,331,25,6
11014,"hnZVQoJdjB",43,345,89,7
11210,"eeaLuoubkR",14,348,66,4
10717,"JxUKiGudPtLoDzW",20,342,49,4
11222,"ujGHtwJaBZmADW",10,314,28,4
11245,"WPamzGeVAtnsXZ",37,317,52,5
11109,"opMAEBUQM",3,323,14,2
10997,"HMAJynIpUNn",41,346,51,3
10925,"ZGLccvny",1,330,05,6
10784,"uQYdKnMZ",33,307,23,7
10725,"egyyccQS",5,307,38,7
11830,"FoqTfixzbFgQCk",32,323,4,1
11546,"uQSGdkMv",34,337,9,6
11946,"OYsnEpJpJ",8,330,03,7
11329,"FJcblzTqgpMJp",36,305,78,6
10740,"dqONpQkdJC",31,315,42,7
11816,"fdomRFupDJZyeb",40,339,38,5
11099,"uxeqkNynmI",8,310,53,7
11454,"kCuIAYVxriKSk",38,318,87,6
11394,"ObcpKtVMP",2,330,58,3
11672,"OaKADvAvpfI",25,340,97,2
10666,"KatfueNcBgCy",4,333,03,7
11098,"ruBemIVGuMT",3,326,66,3
10995,"UdKENjsme",41,320,5,3
11883,"yovDUlyX",9,332,68,1
11879,"uRIiKOsNg",22,321,58,5
11515,"FcGoqhRFKu",47,338,91,3
11845,"lnUcHSKeHYo",4,301,51,7
11353,"PBaxpkln",7,333,5,3
11888,"KLEioEwPpwaBu",40,321,89,3
11225,"NlNrtjSKZI",26,308,46,2
11550,"bmudNIsvoADPr",39,313,31,4
11436,"InzxQjpTOp",2,350,92,6
11510,"pJmXuVgG",39,315,16,7
11313,"NlNrtjSKZI",36,315,19,3
11887,"tHoSgdPwpe",43,317,23,1
10769,"ZMyUgABjgZzw",49,305,41,1
11583,"teQfsHOcoRV",35,328,04,4
10847,"VopjRwcC",6,307,45,1
10679,"ePXkjYDSEUyH",30,339,58,7
11218,"cSzIYQofZdqLBbM",34,327,44,5
10589,"mjHMoeRPPeQn",14,329,22,1
11602,"XVGRmiUarACGTMo",37,317,85,1
11500,"zwLBJFLQYOqeGMb",22,350,75,7
11392,"yaCHroQrRNIAR",14,306,2,2
11343,"vMpwyqsTVFzND",39,320,29,7
11226,"yWmLNewwTocE",21,338,38,3
10777,"EzBjormlEjb",40,338,6,3
10947,"vfjGBsmvF",45,320,41,7
10999,"ZSPxKPToAkplc",21,315,15,3
11141,"UKbiDxxQ",12,313,37,4
11849,"oLYAeMSBpxa",29,321,21,1
10551,"VoDjqZHNQFdcsHl",15,320,73,1
10909,"ncCOXNFaXnjwR",7,309,87,1
11060,"DTsShUkbrMVmCgi",29,301,17,2
11899,"UaBjihwFKFKPw",37,350,24,7
11566,"DeZjOfYhPtNiaM",50,337,7,3
11823,"RirrLBwTlG",31,344,84,6
11399,"Qdtjocsz",6,346,11,3
10783,"UbCteJtIcPCoWCG",12,300,83,5
10680,"SyBYIOwvzTxU",20,348,85,2
11649,"TNrExFsMrcOXeXO",31,302,7,6
11462,"ZUjMmixQ",25,315,35,2
10767,"AuGiqUQh",17,314,31,3
11452,"yovDUlyX",40,314,61,4
10599,"dWDoyBxNkuCbi",38,308,07,3
11249,"lEcMsmIZNDQIY",49,312,2,7
11356,"YtMJVPFMwIW",7,314,32,7
10913,"teQfsHOcoRV",50,332,12,5
11101,"apzdnBGagXqn",18,302,55,6
11599,"TWrdsuiMFIEMPCN",40,341,05,2
11721,"HTDEIJNuuix",26,328,48,7
11998,"yqSgeBkpE",44,346,27,6
11481,"uFFyDRxrTIhAoo",42,323,41,7
10804,"ZbsdDmMUpooXVMl",14,344,87,5
11483,"QzuKZfXBAdKwAJ",15,342,05,6
11422,"JXKVPOaGc",36,335,37,5
11863,"jXrUieFx",14,314,25,3
11485,"qgBdYpFDijq",46,309,62,4
10852,"mCZPmNzPIr",41,345,78,2
11940,"VNEAqXYSRCNgP",21,308,76,2
10894,"SKnzXlnhmucoMK",21,333,68,4
10642,"xzfiFZwzsYq",11,333,59,5
10898,"GEVKzCLxBvFr",33,323,27,6
10790,"IKafHmpvhmoaGSr",20,320,57,3
11081,"sSUQHJZARE",38,346,84,6
11910,"dShRffRsafn",11,305,1,4
10860,"kzHKOsbR",47,330,66,7
10898,"OxkHDEOjyY",22,346,29,7
10665,"keKnBDfTniAEKRn",14,313,05,2
11547,"HiBxsHaketqlBM",50,309,38,1
11254,"jwSGYNIJVduKfeJ",30,312,08,1
11863,"nbEdmexxW",10,328,36,4
11352,"cULvMDyhLOPQqWe",7,314,9,2
11265,"TcgOKVEUlG",47,338,13,5
11932,"hyKyRuNRMpRLRLm",16,313,07,3
11584,"gfMnvBNaw",38,339,39,3
10925,"zoeEwwFQm",48,321,09,3
11603,"kUHyHZzvAd",38,320,63,7
11861,"JMVglLcBQ",25,327,83,2
10814,"YDMLftBlk",33,302,9,1
10867,"WgXZbVQmGogit",13,347,37,5
11065,"XFVzmrSfKtFmnrE",19,323,68,3
11875,"telVeMLmwa",35,340,73,2
10681,"EmLmXfuBWeUA",5,341,24,7
11963,"mURJMtXKawFNn",13,302,18,3
11342,"LTQaNFbiAd",34,308,89,5
10572,"qXrnkSFqdMsuYs",16,307,3,6
11944,"VRwPoYbgVfhzW",35,324,34,2
10863,"cKVVyCrHFyaF",3,332,26,1
11275,"UfIQDfqzv",44,313,5,1
11986,"ePjQEeTbfXbYmZt",32,329,46,5
11436,"hZmIyzHqLRiIpTh",8,300,53,2
10681,"ALTkEPxNnT",46,343,48,1
10686,"DyYfiOBh",1,341,38,4
11275,"ZCkoNoVTzAWj",8,311,72,2
11543,"orAFfBmQroEQnb",38,331,77,5
11732,"BjLCsbBL",7,327,38,6
11866,"tieXFdoxzyI",46,320,97,6
11488,"FzgGoGSM",9,321,12,4
11170,"cffuQFAkyBDFC",32,344,95,4
11688,"AwSEkZGGaT",2,321,41,5
11669,"KmHItBYzRodZMMA",11,333,86,1
11953,"tsxYkWNIqNdgiV",42,326,16,5
10966,"fRqhCRNuXMV",43,304,72,1
11177,"hyKyRuNRMpRLRLm",16,308,78,1
11516,"sqQGZPPkVPmR",7,349,78,2
10979,"WgXZbVQmGogit",15,333,92,2
10928,"YtMJVPFMwIW",16,300,34,1
10731,"JhTmHrwEF",38,312,46,4
11675,"acAlQfdDeVFp",48,334,15,2
11945,"ytVGtgmcEEmoLWk",20,313,63,2
11236,"qkuadFIcgnyvgW",28,342,8,7
11262,"rzOwEnqAOA",10,326,82,3
11590,"AwyoBzIys",24,320,66,5
11334,"nnjTtTLxwrIaAFp",26,314,68,2
11671,"DnkFZUPuERSl",7,330,68,7
11841,"hgXDITqSGxV",40,341,63,7
11254,"aBwhmhyzNqRWlM",8,346,89,3
11711,"HMAJynIpUNn",38,320,18,1
11573,"tfwtZgNXLftl",8,337,66,5
11399,"tQvtGFIXpL",36,305,51,3
11627,"OaKADvAvpfI",9,303,88,6
10947,"VNEAqXYSRCNgP",24,345,8,1
10902,"TciLPWpzxZnb",12,304,5,3
11707,"fiLbbsBYBjZvH",48,334,65,2
10911,"YGzSdYwHxMpmzZ",7,311,29,5
10542,"aHmFOHthGT",8,325,24,3
10585,"bAgIhgqt",33,307,42,7
11761,"BoKnWWvEtq",34,300,48,2
10735,"tNEZeXGw",43,344,06,5
11966,"jsXnYEZyM",25,342,76,7
10628,"utIxUoGiQEKedKy",1,332,96,4
11558,"YuyWzjLercw",36,324,98,7
10590,"EJEQVlQrPWEURB",31,333,63,3
11497,"XhxCYMzXohyrw",43,346,71,3
11599,"DkSsfXFrCdTWPCN",45,323,37,3
11516,"uRIiKOsNg",21,349,28,3
11159,"VmlImYYmFkx",28,336,02,6
11459,"mqokytIGmFlvYXy",5,312,02,3
11388,"TxkmgzsTHpY",12,339,99,5
10797,"pXhSzVHodZqDo",43,304,13,4
11009,"WhQSJmYovnU",37,308,24,1
11480,"pnBPRrWD",30,342,23,6
11333,"jcbqZRJSPRxm",28,334,83,6
11602,"fxYArtOBSeyqpsn",14,321,75,5
10532,"TZVXRuGq",44,308,18,3
10790,"hLeTJcRXrk",32,303,32,1
11368,"wTIrQQMFLO",1,345,71,3
11964,"bmudNIsvoADPr",46,326,76,7
10587,"qkuadFIcgnyvgW",12,302,86,7
10754,"XhxCYMzXohyrw",8,314,26,1
11930,"eYolwMseg",13,350,7,7
10968,"XVGRmiUarACGTMo",7,330,78,5
10921,"zOfbDfUdla",47,349,29,7
10681,"VRwPoYbgVfhzW",39,310,86,5
11951,"TQIleZGDvwp",49,342,23,3
10627,"WxSstLFfuNaO",41,310,02,3
10717,"bubeRYnyDqx",21,332,56,5
11379,"QNAWMUth",2,313,31,3
11313,"usdkDRZTZAJwjen",28,315,25,4
10735,"KjSyTXZx",5,327,9,2
10673,"MOrTozuHXDrJ",25,331,43,1
11277,"rknPDTsOnbsxUz",7,327,56,1
11026,"oUWkyqMCEqG",11,322,28,6
11997,"egyyccQS",22,342,53,2
10980,"zOfbDfUdla",14,337,39,7
11427,"tieXFdoxzyI",43,339,13,2
11883,"TIHqodKiixpiWe",8,340,56,7
11278,"LGOuSspbdScK",48,310,27,1
10530,"iyUjuzlAt",50,346,26,6
11360,"pvzIWLuctQBAr",41,348,15,1
11481,"hiWZVbCT",23,307,94,2
11812,"OuJkUDCMywBO",7,330,79,4
10689,"WgXZbVQmGogit",25,313,6
11477,"bAgIhgqt",3,344,01,4
11877,"ruKKfzDErWTCkW",40,327,61,3
11026,"NXSnVtUy",39,323,86,4
10932,"LCeLKFjGNXesar",34,326,07,7
10959,"FixpoiPNHVy",47,321,42,1
10755,"eTFCZdJAadCPSw",1,328,26,4
11704,"TapLrhlXWJZClv",16,308,16,4
11840,"WxVXnVwQpcB",30,339,28,4
11276,"mQWGISIjenj",18,337,78,2
10700,"ZHHpKmwtasSIvF",22,300,61,2
11716,"ourzmIQalfCDnx",23,313,78,5
11263,"VbhYawdoZIEuF",27,327,16,4
11404,"vyeFgXDeOeDB",12,306,31,2
10820,"YDMLftBlk",49,346,09,7
11662,"TxaTUebgCJdY",2,336,13,2
11152,"QzuKZfXBAdKwAJ",43,303,32,6
11068,"OUIvVfoEuGfV",20,340,06,6
11449,"mNxolSQJS",12,333,79,6
11224,"tCvowOHRE",17,331,28,4
10983,"OKbJTLLaCBiKJWU",26,303,83,2
11653,"TxaTUebgCJdY",32,322,16,4
10554,"XsPjKpLwSerN",7,337,66,5
10500,"BtmiHetHJgAfrN",27,303,64,2
11440,"FoqTfixzbFgQCk",29,335,63,1
11745,"NWzPhHSMazKvDZ",13,332,55,3
10744,"RjqVtupmnbvrY",34,325,3,4
11826,"mIyxQIdbd",33,333,1,5
11230,"VopjRwcC",22,340,75,4
11929,"dKGAhRRFl",39,301,03,1
11086,"VFoEoyUcsCn",10,321,25,2
11785,"jzbBNmZkermUa",38,337,94,5
11034,"CkeqycFx",47,329,38,7
10750,"EkLgltvl",1,313,06,4
10990,"ROQDjRiENZH",32,331,53,7
11484,"vfjGBsmvF",14,337,57,1
10666,"EQemtzMEAjSoJsE",9,325,03,3
10692,"MxAUKKFv",29,345,56,4
11099,"QasmLYaeqAD",33,334,89,1
11168,"QgTMAqeKpkgh",50,349,2,4
11271,"iPDRiRfzHruHbq",11,325,64,5
11137,"LXJOsRzAU",19,349,77,6
10984,"yWmLNewwTocE",19,341,09,7
11465,"tRZjhinQJDsHts",3,325,81,4
11689,"cvJDSoxzM",32,331,5,6
10806,"wHZTEalSttK",41,324,61,1
11371,"FIaDqePTmjBo",3,312,16,1
11882,"iMQjurmm",20,339,37,5
11923,"NTWCcDtmeoAefPp",39,338,26,3
11248,"pFbLWCRihZ",5,329,54,2
11305,"oULAbtXzqx",32,303,41,3
10865,"ybySivmcTyAKF",28,346,87,5
11931,"UaBjihwFKFKPw",45,345,69,4
11951,"ifcpUtXpLzU",38,334,95,4
10997,"TBHrKotR",47,314,66,3
10717,"gVdewiqxALbgRL",29,303,5,4
10819,"ahwVKllMt",5,331,6,4
11634,"XiUwfCtVuUuU",36,317,84,4
11639,"HiBxsHaketqlBM",39,310,27,1
11955,"vvAqwlNQ",28,317,12,5
11570,"mOqjgfTD",8,343,41,7
10893,"xRbHuuom",27,347,85,2
11634,"LJTjJvxtM",45,305,96,4
11213,"qMgLQzXklEUFbjx",6,334,8,5
11726,"xcSDWgHWQ",48,300,1,4
10703,"taEVVUSGyZgQB",49,307,15,1
11526,"DmzSifYgvEo",35,318,79,5
11193,"SChzeqfkPiIdlO",29,329,1,6
11483,"sLooNmdnCNok",48,319,45,6
11477,"lNeRqYUUO",46,314,08,4
11130,"opMAEBUQM",35,333,02,2
10672,"wHZTEalSttK",7,322,13,4
11719,"tQvtGFIXpL",18,347,95,7
10922,"JnRbEAocZtWGFC",25,322,02,5
11187,"PvVroGvvwOD",50,332,87,5
11211,"CfjvjufHW",27,349,2
11922,"VopjRwcC",6,316,18,6
11030,"uuKdpxUa",37,320,05,7
11225,"KoiKvkqgwGFoU",16,300,18,3
11840,"uwqwLBeKPSTgJzY",47,309,85,5
10585,"RNbPwtsIZ",35,310,06,5
10907,"FyTpGRVVC",13,320,38,6
11636,"RhsViGfIo",3,330,01,4
10977,"XepmylUdMEvQg",11,321,8,1
11728,"DAXZaQEIJiQLiC",40,350,39,5
11179,"TwaMTzadGYtwlDG",25,336,14,4
11752,"IUjqlPiWDfAn",50,303,49,4
10838,"ZMyUgABjgZzw",23,348,13,7
10538,"mNxolSQJS",36,341,25,6
10977,"ZHHpKmwtasSIvF",8,349,6,2
11849,"hrNypwqLCozz",50,340,91,1
11097,"ujGHtwJaBZmADW",43,327,26,1
10575,"gkVTNaGkpck",33,339,97,7
10574,"lXUCzftQwjkKQi",48,321,87,7
10886,"FKkiIZhfPspYBtE",15,302,7,6
11732,"KZhQwBqz",45,343,3,7
10680,"PvquoXrfcnuVtLv",36,333,49,6
10814,"IUjqlPiWDfAn",34,345,82,1
10902,"tQkyzlcdMyvRZT",42,325,25,3
11073,"KatfueNcBgCy",38,328,34,2
11651,"hnZVQoJdjB",43,336,43,2
10760,"MHasHXZGrKYmQqm",31,330,93,5
11542,"fZrIWISaFtfgU",10,302,8,1
11852,"NTWCcDtmeoAefPp",13,315,77,6
11876,"ewIPkbBW",24,301,18,4
11770,"BFJSuavztXxwkl",15,340,96,3
10837,"HgAwQeTT",26,302,27,2
11960,"TIHqodKiixpiWe",40,327,29,4
11791,"POlqtqpwPOv",4,349,71,4
10771,"KmHItBYzRodZMMA",21,310,59,4
10542,"bBVxahamR",5,331,72,1
11612,"wKYoeYABvJqWaLq",47,301,35,6
10969,"yXwvlSBNcL",20,307,93,4
11165,"tNEZeXGw",11,313,05,5
11185,"qnchQfZsErjKvW",48,328,49,2
11577,"uNttZPHTnBBaoGs",50,317,82,5
11621,"ucYBNOswfDdVFRQ",34,325,93,4
11359,"MOyZskdlRuu",7,308,66,1
10708,"VNEAqXYSRCNgP",49,316,13,1
11836,"uPVoUqHYSrNzxfZ",12,303,44,6
11942,"lXMvbYqcU",27,342,36,3
10656,"aBcMqQYJPnRBili",39,342,3,6
11561,"nTXrTWywS",7,322,53,7
11952,"ifcpUtXpLzU",5,339,28,7
11558,"YsHaOdGjAsO",35,328,88,5
10894,"QdgyvFbWTW",4,323,86,3
11121,"PtzZdwku",18,313,91,3
11681,"uFFyDRxrTIhAoo",49,347,17,6
11210,"RhsViGfIo",32,346,8,7
11823,"AXZlGiaXpLEAm",4,308,52,1
10925,"FixpoiPNHVy",9,348,58,6
11140,"msIvlMHPf",7,327,4
11016,"YsHaOdGjAsO",46,313,93,3
11904,"UMyHBfYDvWj",30,308,98,4
10700,"fZSDjHZCQ",20,339,01,3
11945,"XYKoHgYqlF",2,329,78,3
11516,"HMAJynIpUNn",16,347,79,2
11902,"sAvvuRNTA",29,301,95,3
11427,"nWwlLESMe",16,339,31,1
11224,"imRtcwQLHjO",48,319,23,7
11700,"hXKMdBNqeHtWvVO",47,309,54,4
11542,"pKwOWeiEfmKivXu",30,326,92,6
11278,"ZiwuLJfvTTxc",49,339,14,1
11101,"UhwXyoryENtKx",45,329,45,5
11940,"PpVjTBYvqsEtGQZ",48,331,92,1
10638,"ojmcodVIgVz",31,320,73,2
11721,"JpCZMAJIpc",4,328,33,1
11155,"mibCbZLNtVkEGRU",42,307,49,2
10963,"WFERRyEjsymDBr",13,344,02,3
11104,"EuAgfYldsYpn",10,350,07,1
10668,"OVQlzJnkpsKOLrd",39,326,37,1
11678,"GfKfqEUNDl",13,302,82,4
10807,"ozcudhJAw",44,325,42,3
11386,"GdSbXfjMRmuGS",48,325,04,2
11792,"mEcFuZtMaoHiLt",14,326,03,4
11704,"etwscCSPeqRse",1,341,7,4
10552,"nhuHZGCIsLvMN",14,321,35,6
11543,"YkUCxslbCSTr",14,314,45,3
11546,"DTsShUkbrMVmCgi",13,303,83,5
11969,"EAjjLhcntHqcnVY",27,342,89,3
10565,"lcPruGqtTXhnio",20,320,98,5
10585,"YOFhPbrFhAOYSM",21,342,18,3
11749,"wQQnTDrJaDRbT",5,348,23,7
11333,"RpuDEfeIdUYnEe",13,329,5,4
11835,"CQJIjigkiFVleY",24,304,55,7
10663,"IagPnqGL",47,326,7,3
10913,"EzBjormlEjb",41,345,37,5
10915,"GXrCNuJpgN",23,325,6,2
11099,"XhxCYMzXohyrw",41,306,32,1
11279,"YPJDohXauKL",18,316,89,7
11999,"NvnXDgiWAoAMQE",6,342,92,3
11429,"ybigBImOEtBk",20,345,17,5
11051,"qMgLQzXklEUFbjx",16,340,62,1
11347,"IlaJsFnxhdC",10,310,59,2
11251,"qAPlDszrjxPF",40,318,53,5
10898,"pvzIWLuctQBAr",32,320,57,2
11770,"fZrIWISaFtfgU",31,343,86,4
10806,"kmxrJhOBAUflmT",15,318,38,2
10568,"AbXuGwJD",22,320,83,6
11923,"UTffbQPQfIqVlyJ",47,327,1,4
11427,"MHasHXZGrKYmQqm",22,336,24,4
10894,"nbdQuFSj",23,315,94,5
10636,"nmFNLlpB",27,320,71,1
11089,"oaUHuCDaRs",7,339,56,7
11470,"DCqukWCbwVGjL",18,344,62,3
11767,"vMJHezAl",21,339,66,2
10989,"IKafHmpvhmoaGSr",36,333,16,6
10638,"iyUjuzlAt",31,335,76,4
11107,"BQHJEgpCQ",34,341,29,7
11336,"MhwAezlRFxj",5,317,98,7
10501,"iyUjuzlAt",25,300,35,4
10672,"LTQaNFbiAd",49,339,66,2
11187,"iyUjuzlAt",44,300,65,7
11613,"rozWvHyvQgbGzS",10,300,76,2
11841,"nxPUivFbkqh",10,347,34,3
10973,"gVdewiqxALbgRL",47,302,05,7
11129,"EJEQVlQrPWEURB",5,322,67,2
10586,"jSWzRzxH",4,322,44,2
10645,"SbjHNsXdIrtDp",14,340,25,7
11968,"sWjbTDEKKfFY",37,328,34,6
10589,"EQemtzMEAjSoJsE",13,313,74,3
11340,"SgTAAzvbyx",48,306,63,7
10869,"byvmYxLBc",41,326,7,7
11483,"KQyRvnGsMidVmPI",36,336,3,6
11337,"WXngGSYG",5,345,86,4
11205,"DCqukWCbwVGjL",22,317,77,3
11170,"PvVroGvvwOD",32,329,62,7
11794,"AGPkOZLXgDIV",9,315,74,3
10825,"bZFjrLRduQtvix",48,318,34,4
11175,"fUTRlmPo",18,344,68,5
11370,"QTBgHzvrN",13,310,03,2
10819,"pDADNSKbzmBl",36,323,76,4
11453,"HXmXviNTafiw",23,348,82,6
11505,"Qdtjocsz",45,329,32,1
11998,"PCHCXydRPaX",34,349,37,5
10719,"brrEwiNfsD",35,317,78,6
10546,"GxqCgdNfGF",43,314,01,3
10842,"cgzljEDTdnfah",2,338,86,4
11584,"telVeMLmwa",50,338,37,1
10614,"HOGRJnrgW",8,335,43,6
10543,"xbPMdZue",19,323,49,1
11418,"wHZTEalSttK",19,320,56,1
11185,"cffuQFAkyBDFC",39,344,14,5
10533,"BidXhuFa",47,308,46,1
11333,"nhuHZGCIsLvMN",13,343,19,7
11638,"CxFUGhhSSHdo",8,305,72,1
11896,"hShWyGqOcxI",18,330,82,4
11678,"sqQGZPPkVPmR",12,325,52,3
11243,"vyhhSZPGRSLaSr",30,344,44,2
11497,"ucYBNOswfDdVFRQ",32,349,18,6
11445,"zXhPhpGJJc",38,303,79,5
11443,"YYOfqjcD",18,324,93,4
11037,"uNttZPHTnBBaoGs",4,315,98,2
11761,"vzrHixUkh",46,306,64,6
11225,"mnVWJVvsw",31,316,95,5
11075,"plgdvvxKHcIvSOP",42,338,46,6
10886,"HXmXviNTafiw",21,342,84,4
10659,"ZtsWdVGY",39,315,47,7
11789,"rjYfmbof",42,343,02,4
11319,"tSvWYFhtidDh",41,317,8,6
11629,"msIvlMHPf",38,344,56,4
11414,"imhtwBqsMd",9,349,11,6
11018,"ziDJIFJWqgTIRnA",2,312,68,6
10503,"FzgGoGSM",44,308,27,4
11564,"WyeVemhWRIEj",36,338,81,1
10675,"hXCjqbFFuqOtVpx",40,322,18,2
11485,"OmsODeYJzgJjo",41,322,44,4
11772,"OeGMpvwegTnsFZ",3,307,18,3
11961,"OKbJTLLaCBiKJWU",22,313,28,2
11229,"oFoUjdwOFqzn",1,338,99,2
10503,"UKkhcbLKWe",46,348,91,7
10765,"YNLtNKVcIeFK",6,316,49,4
11151,"vvAqwlNQ",8,317,34,5
11454,"HnWwaJHfD",10,321,06,3
10563,"iMQjurmm",3,335,73,3
10767,"SZjCEAHkPdaE",18,334,94,1
11525,"JEthJHuMIM",49,314,9,7
10831,"ocfDBrGdsQfNwS",13,338,39,7
11262,"JiTKOORYb",35,347,29,3
11429,"WxVXnVwQpcB",25,340,63,5
11368,"pXhSzVHodZqDo",4,307,84,6
11111,"mEcFuZtMaoHiLt",27,319,82,4
11436,"kgxYtDqxiEL",27,330,78,1
10559,"DgGqHLgtTAMB",2,315,02,3
10601,"YNLtNKVcIeFK",50,322,63,5
10625,"TxaTUebgCJdY",2,314,17,2
10983,"JXKVPOaGc",47,301,8,4
11961,"OvCoVXgqCISG",42,308,29,3
11151,"VbsUiwrKEIWQNN",33,310,89,7
11030,"tfwtZgNXLftl",46,334,39,1
10654,"amStPdRHaYZxZbU",50,342,07,2
10900,"UhwXyoryENtKx",3,342,33,7
10652,"UnzOetIYilpuav",2,320,68,7
10707,"OmsODeYJzgJjo",19,344,87,7
11884,"FWdAIcvtSeDOE",26,307,36,7
10525,"dyrfKjkO",18,304,15,1
10887,"EgdgNvrzJtt",48,326,96,4
11773,"IJjODnfWiuJ",18,334,08,3
11007,"YskyYaTnRc",21,306,8,7
10865,"WwxiDzuvCtY",20,312,52,5
11385,"iBvysrKhWktkUyw",37,325,41,6
10759,"hzvCXZRVNhj",3,313,57,6
11300,"ZxlNaPmDPg",17,335,7,2
10578,"vSqzYjINMSdUc",16,319,16,1
11573,"iMQjurmm",42,337,67,7
11770,"iPDRiRfzHruHbq",4,335,58,1
11692,"VLEaYRYeR",50,318,61,1
11752,"yYWROMmGeYxvU",3,319,43,3
11942,"cCLeTDXjDWX",30,310,27,2
11686,"ehVKKrOxepuzq",26,326,33,2
10941,"jteoJDQjDj",33,323,57,4
11121,"LqjrpHkGZEZY",32,335,44,2
11329,"mNxolSQJS",23,333,84,5
11785,"mNxolSQJS",36,336,57,5
11874,"XVGRmiUarACGTMo",7,348,98,5
11651,"qxCdNhpegKJb",17,311,25,1
10896,"JiTKOORYb",38,300,47,5
11526,"uPVoUqHYSrNzxfZ",41,312,36,3
10907,"wTIrQQMFLO",25,324,55,2
11164,"kmxrJhOBAUflmT",35,350,19,1
11725,"jskTRwjwSFkek",46,332,92,7
11812,"zALvjdKmNIDCEs",37,314,92,4
10518,"sYlgcvMp",31,331,86,1
11681,"WsfumtTAMKGIK",36,331,27,7
10545,"SyBYIOwvzTxU",39,312,61,1
11851,"hWhRgfPUjt",16,323,28,2
11057,"EajiZjcxZQgXB",24,331,42,3
10691,"XeMMglUZKCuhBeG",32,331,19,7
11531,"HuVGObrhMmtVgCy",27,340,69,4
11250,"fiLbbsBYBjZvH",41,333,11,5
10675,"tHoSgdPwpe",21,313,27,4
11497,"MxAUKKFv",36,323,54,3
11958,"YPJDohXauKL",29,348,81,5
11705,"yVELwLHUAUFETyi",40,344,09,4
11357,"ZnaLyvWbFHv",50,310,54,2
10613,"bvJhMivRWXZ",27,326,92,3
11704,"orAFfBmQroEQnb",4,337,29,6
11213,"NlNrtjSKZI",11,337,68,3
10894,"qZFbNPBpj",42,327,17,2
10963,"bubeRYnyDqx",28,339,82,6
11468,"GBNmVPwa",23,323,46,6
10948,"egnkFtFF",48,347,31,4
10782,"lELXtOKAA",12,332,39,1
11185,"selGHGmiWJyWzFp",48,316,81,2
11460,"cqRyYcnZcux",34,305,92,7
11205,"tpRGnEFFn",24,315,19,3
11665,"BfrKMhAxAxi",24,322,17,6
11799,"zoeEwwFQm",38,338,99,5
11194,"PUXNEroMyyOwMqs",11,346,65,3
10803,"RirrLBwTlG",1,347,11,2
11254,"cSzIYQofZdqLBbM",11,345,52,2
11975,"TlYcYGvbww",22,316,39,1
11179,"UhhPxUkvlGrZOQC",1,312,39,2
11338,"NKtAtvvgjDOHpF",45,346,41,6
11236,"pKwOWeiEfmKivXu",17,343,06,5
11413,"sAvvuRNTA",29,343,06,7
11324,"HTDEIJNuuix",9,345,21,7
11503,"YsHaOdGjAsO",14,300,58,2
11389,"mPOAqUCCMXs",46,307,07,3
11599,"cULvMDyhLOPQqWe",7,329,47,6
11122,"telVeMLmwa",18,330,03,6
11644,"gwadHdkWkC",8,303,76,3
11785,"kjLmyhGkVwvWYv",43,304,73,7
10780,"DZAKIOmT",35,338,47,6
11689,"iSmilczH",13,346,13,5
11271,"ruKKfzDErWTCkW",35,314,73,3
11370,"BDKnSlhKRrGVP",16,313,37,4
10640,"FUjdQhpEer",19,300,43,6
10890,"KatfueNcBgCy",29,319,31,2
10783,"lmcwsIdOcTbNh",43,313,09,2
11906,"scAHfgrjGPJXd",1,326,5,5
11104,"VdVhWlQM",36,330,2,5
11141,"YskyYaTnRc",3,301,43,2
11735,"AGzYzQZw",20,343,95,5
11178,"jVOIBUoD",20,322,85,5
11534,"yYWROMmGeYxvU",9,321,16,1
10874,"urRAEEXqNGq",10,307,37,2
10835,"FKkiIZhfPspYBtE",3,349,23,3
11866,"NKtAtvvgjDOHpF",20,302,26,3
11244,"lEcMsmIZNDQIY",36,345,3
11300,"BmHUGcvQKpByZuV",44,320,6,4
11519,"BfHKxCMvfB",14,346,1,7
11678,"JhTmHrwEF",15,337,58,5
10830,"hXKMdBNqeHtWvVO",42,328,57,6
11513,"MyqfglbgQNFBU",30,314,87,7
11735,"iLRVoTEuWTr",45,341,09,4
11970,"IagPnqGL",10,336,71,3
11892,"NrLBZoryk",43,332,63,3
10678,"jpLbRKQBxLoloA",41,342,61,6
11621,"DSzweZPZedQQNJQ",28,336,57,7
11163,"SiuKEQyESUBU",16,330,06,5
11541,"eubyZHhTIqnsdf",26,311,55,2
11323,"telVeMLmwa",43,333,65,5
10536,"PNymNgdsp",4,327,67,2
10694,"iBvysrKhWktkUyw",15,315,46,7
11122,"WyeVemhWRIEj",46,321,93,5
11154,"vJOrghAumQHPqV",41,317,43,5
11154,"hgXDITqSGxV",18,340,58,5
10986,"uuKdpxUa",1,322,74,2
11744,"wUbFBQVbtfOmTIQ",37,314,18,7
11698,"EkmMWfDnx",2,304,46,2
11480,"YtMJVPFMwIW",26,308,45,3
11068,"fxYArtOBSeyqpsn",22,341,34,2
11802,"dlrYIIALSYLO",42,322,06,4
11142,"tHGkrKNHJzv",36,336,59,1
10673,"dUkHtParoF",13,345,37,1
11719,"VRwPoYbgVfhzW",11,314,88,7
11132,"KaXRQgJNSOj",3,337,1
10548,"mMWGYSdguPdMbEf",4,349,39,7
10993,"KAYuTJzP",40,348,4,4
10720,"RpuDEfeIdUYnEe",5,304,44,1
10550,"VBipEifwVF",19,325,73,4
10672,"rcNEMybQaCZbE",20,305,18,6
11465,"TeFsvaFyaXSH",41,303,4,4
11537,"yzHlvmEw",6,311,14,3
10837,"rcNEMybQaCZbE",24,340,21,2
10710,"kgwJbacTB",47,342,01,6
10771,"KEtbPOOGIkabkN",45,326,48,4
11762,"jpLbRKQBxLoloA",35,318,42,6
11673,"FcGoqhRFKu",25,312,36,2
11295,"eeaLuoubkR",34,327,16,6
10748,"cvJDSoxzM",10,339,34,2
11644,"tGCySvUILz",19,350,26,3
10971,"syZcntMd",7,348,72,2
10930,"TLviyLBPbBJ",34,343,63,1
11611,"UKkhcbLKWe",27,346,39,5
10522,"DnkFZUPuERSl",30,341,54,5
11427,"MxcGxYIsVN",6,302,23,5
11223,"rozWvHyvQgbGzS",26,326,44,7
11320,"pXqewBAeJUzY",34,345,66,1
10813,"SbjHNsXdIrtDp",5,329,95,4
10669,"HXmXviNTafiw",42,302,53,5
10690,"GuqwSeWUdFObGC",21,326,24,2
11752,"CiwLTMgmL",47,332,15,1
10812,"lmcwsIdOcTbNh",11,307,25,4
11196,"xCCLZVTACsl",28,308,68,1
11756,"uxeqkNynmI",4,330,26,7
11583,"dUkHtParoF",13,342,44,3
11762,"FCeUWDMOsYkc",49,341,18,7
10536,"dvJEKsDX",29,314,63,7
11628,"vTmgtmsLgEIOaF",27,303,06,7
11155,"NWzPhHSMazKvDZ",14,337,02,4
10694,"UaBjihwFKFKPw",1,305,67,4
11164,"nmFNLlpB",6,341,34,3
11541,"WhQSJmYovnU",35,345,01,6
11277,"HxkbOxXyqEN",8,327,72,3
11590,"xfAdDtZR",15,340,27,6
10891,"xfBoJqofbG",7,317,53,6
11298,"dGqCJgSpjTuSYtE",33,306,29,7
10512,"uLHpTBLHmrZnXP",14,342,83,1
10732,"GRxvRpReSXVP",31,306,55,1
10723,"QtibBNjYGREJ",36,307,39,6
11866,"XYKoHgYqlF",49,333,94,7
10661,"SiuKEQyESUBU",25,331,63,3
10668,"ZHHpKmwtasSIvF",1,330,33,4
11462,"VIqvemQRsqXio",32,321,24,7
11837,"hXCjqbFFuqOtVpx",34,313,85,5
10611,"TeFsvaFyaXSH",37,314,17,2
11620,"XwjUarqDCauomT",42,340,82,3
11222,"QbWxsIKYlbHlkP",17,320,43,7
11852,"NWCrJavtUyXVmj",47,347,74,2
11453,"XwjUarqDCauomT",37,317,69,6
11236,"JPaFfqQBELAAUE",42,339,02,1
10762,"XkIzNONt",6,314,51,7
11335,"MXEBCPqb",46,328,96,7
10665,"DSzweZPZedQQNJQ",9,303,45,6
10678,"TteuEYEZEFkuDOR",40,325,39,2
11868,"bZFjrLRduQtvix",34,347,04,3
11409,"sLooNmdnCNok",49,349,37,4
11149,"PpVjTBYvqsEtGQZ",13,338,81,1
11551,"UhwXyoryENtKx",13,345,28,7
11473,"mOqjgfTD",2,318,97,2
11227,"yzHlvmEw",6,306,95,1
11960,"jmYmwaugonH",16,301,2,5
11738,"afFsuOKydADkm",45,346,6,4
11330,"BfrKMhAxAxi",32,311,88,7
11925,"PgTqbebv",47,344,61,1
11933,"fHAHoqAoEKNbL",1,336,72,1
10932,"UbCteJtIcPCoWCG",35,308,4
10735,"awFMJeRTbYos",46,341,38,1
10602,"JsiCQjDoAbrHpjw",27,336,73,4
10869,"QmfjFVHuSZd",34,341,23,5
11458,"sdKqlREsqeRW",50,332,21,4
10889,"YeycovjiKHTnzv",1,304,61,5
11714,"TwnGOgGOGiLTpm",11,308,86,6
11634,"MHgkNECPQE",1,348,92,4
10555,"qhgtVwMV",20,347,53,5
11347,"ZbsdDmMUpooXVMl",45,325,87,7
11430,"sRrgcObLr",50,312,82,7
10561,"CxFUGhhSSHdo",7,350,9,6
11995,"tpRGnEFFn",18,334,85,6
11694,"sAvvuRNTA",44,328,4,7
11077,"TwnGOgGOGiLTpm",43,317,69,7
10935,"ROQDjRiENZH",45,308,05,6
11646,"aClVWdxu",34,315,78,2
10611,"GuqwSeWUdFObGC",12,309,94,2
11826,"syZcntMd",48,320,65,3
11549,"QtibBNjYGREJ",25,307,17,7
10652,"YVpPqnlCjZwDgWN",40,305,84,1
11225,"NTWCcDtmeoAefPp",15,303,05,3
11061,"IKafHmpvhmoaGSr",25,320,71,1
10560,"GEVKzCLxBvFr",24,350,85,3
10910,"ePjQEeTbfXbYmZt",44,334,4,4
11597,"TEZcaZRn",44,325,79,3
10952,"lGkKxwZievIXMD",27,308,57,5
11936,"dOvsgZmIbslatO",1,341,71,3
10531,"hTIDgUuHOtmHndk",35,327,76,4
11681,"FixpoiPNHVy",42,322,97,2
10826,"ymKtQIgrlbhhEZ",27,323,13,6
10710,"vCuhmjRIOVDxx",20,311,75,4
10874,"DTsShUkbrMVmCgi",21,313,9,4
11257,"DcCWwnfo",6,301,55,2
11548,"pXhSzVHodZqDo",34,320,32,2
11798,"dAWSYSQQGTzUY",1,336,46,2
10735,"PtzZdwku",5,337,33,5
10841,"UMyHBfYDvWj",4,303,7,6
11968,"OyiKSYxzFgrga",6,312,48,1
11488,"XeMMglUZKCuhBeG",28,337,51,4
10783,"xbPMdZue",49,339,02,2
10782,"cngrhuObVTCwoaT",2,319,28,1
11171,"NXSnVtUy",2,319,89,6
10694,"nhuHZGCIsLvMN",22,334,4,3
11636,"vvAqwlNQ",37,306,95,5
10896,"XQHBeqRMKlq",13,341,72,3
11987,"uCchsDJOVX",16,338,24,3
11709,"zihuDHhnv",39,329,95,5
11211,"QmfjFVHuSZd",20,340,68,4
11744,"TExDzWSTjg",7,312,38,6
11453,"KaUzzBPqvr",13,322,04,5
11873,"dzvaLeuX",19,338,99,5
10869,"NOGQLSKjU",6,324,29,2
11020,"aegEIagR",40,310,09,6
10731,"tieXFdoxzyI",1,336,71,6
11831,"osGtYFuBMNZDD",17,305,76,4
11777,"iTVCJHLiwM",42,328,47,5
11876,"UMyHBfYDvWj",45,323,6,5
10980,"lcPruGqtTXhnio",43,319,11,2
10759,"mCzhDgLHsrUwk",33,317,29,3
10921,"XepmylUdMEvQg",31,315,29,6
11154,"NKtAtvvgjDOHpF",43,320,13,3
11049,"tsxYkWNIqNdgiV",8,312,48,4
10687,"QqrwmPkLf",25,348,77,6
11141,"MOrTozuHXDrJ",44,317,41,5
10837,"jszRRKlbBTYWA",15,304,37,3
10993,"BoqNJwGhGtaQ",19,309,67,7
11412,"ifAmIUAvire",21,305,08,4
11537,"iGeNMeFGWbiHgJS",22,327,53,1
10771,"qcfziQtXO",45,317,02,1
11693,"dOvsgZmIbslatO",33,316,18,5
11732,"VFoEoyUcsCn",7,307,41,2
10968,"gYgTrOFtQ",21,305,65,4
10989,"cKVVyCrHFyaF",22,321,81,1
11791,"WMhhbjWuiHD",21,327,15,2
11537,"chxvavIY",30,308,14,2
10657,"mKEelYnrKZ",41,304,15,1
11289,"ifAmIUAvire",13,337,76,1
10642,"MXEBCPqb",29,320,28,6
11613,"HqAdZsRdEwFvDTr",12,307,39,1
11085,"eTFCZdJAadCPSw",49,303,11,4
10997,"uNttZPHTnBBaoGs",2,307,14,6
11348,"hXKMdBNqeHtWvVO",38,315,67,1
11193,"IvcVlXdHvq",31,305,42,6
10869,"TeFsvaFyaXSH",47,316,31,2
11456,"WgXZbVQmGogit",37,310,51,1
11459,"ehVKKrOxepuzq",7,349,62,3
11474,"QTBgHzvrN",24,347,29,1
10838,"nbdQuFSj",25,309,26,1
10902,"vTmgtmsLgEIOaF",4,313,65,4
11581,"hXKMdBNqeHtWvVO",14,311,56,4
10812,"DUndjrakYkERZ",44,303,22,4
11806,"qkuadFIcgnyvgW",6,337,1,7
11215,"EuAgfYldsYpn",5,312,57,7
10771,"BoFAednHshi",36,306,32,3
10968,"XPZpObCnAXh",42,301,77,1
11575,"DuTeEruC",32,341,67,4
11435,"NOGQLSKjU",13,316,06,6
11835,"XZafetZK",11,319,14,4
11491,"UTMujEjIsQpq",13,338,29,7
11546,"WxVXnVwQpcB",41,321,17,7
11539,"VdVhWlQM",34,318,77,7
10989,"NKtAtvvgjDOHpF",3,304,09,6
11278,"uEWrVLbZurxcQ",4,332,31,6
11331,"kubiRROaNn",34,311,94,2
10665,"hyKyRuNRMpRLRLm",35,315,61,2
11972,"oiKhNZkUPw",2,339,42,6
10973,"RzuEQXAUlWKeE",41,328,26,1
10725,"tHoSgdPwpe",34,335,25,2
10685,"DKWtEzxyaN",46,306,61,2
11754,"GpJyEwCieAoI",11,340,27,5
10669,"vyeFgXDeOeDB",19,329,99,1
11478,"mPOAqUCCMXs",32,309,01,2
11185,"DyYfiOBh",17,343,23,7
11379,"lmcwsIdOcTbNh",32,347,76,5
11697,"XybIdQxrRqd",12,329,51,6
11959,"kUHyHZzvAd",31,332,08,4
10979,"iFmHyZZstfs",49,310,32,4
11417,"tRZjhinQJDsHts",34,324,49,4
11836,"QwSCLggMcIlZ",43,326,22,6
11505,"ucDOQjITobaYy",20,322,17,2
11976,"FofyXbZFqA",33,309,92,7
11700,"PYajNIdOwP",18,322,58,3
10813,"rAmvURiVVJNiY",23,336,56,1
10779,"laGzRYMJvpYMR",46,331,94,2
11805,"ucDOQjITobaYy",12,322,22,5
11998,"ElUlkyewYvpePK",19,311,09,3
11541,"eZiNCTCfcCZR",7,343,14,2
11436,"iUbxVrDRW",30,320,66,5
11631,"VbsUiwrKEIWQNN",5,315,57,3
10736,"lzJQAUkLAII",1,324,92,2
11619,"GdSbXfjMRmuGS",10,336,24,6
10971,"vrNOYABC",12,349,35,3
10741,"wKYoeYABvJqWaLq",45,346,81,1
11355,"jYyCITnl",40,324,03,1
10541,"geskfFxjUeir",46,345,79,5
10601,"wUUotLLFfH",45,333,27,2
11247,"geskfFxjUeir",36,346,49,2
11906,"iOhwFmlTQT",1,323,33,7
10662,"WScjjenohWRo",27,310,85,4
11985,"mjHMoeRPPeQn",33,319,9,6
10516,"LfkMAdEXR",26,302,05,2
11608,"VFQNuUlClkpkAs",1,334,6,5
11285,"vrNOYABC",29,347,25,6
10852,"rDFKuVvQ",46,324,18,1
10694,"oULAbtXzqx",38,329,55,5
11628,"BtmiHetHJgAfrN",19,324,44,7
11287,"RzuEQXAUlWKeE",24,343,23,4
11854,"ynDNQzwmAbav",42,332,67,7
11964,"ZnaLyvWbFHv",31,328,28,7
10997,"hyKyRuNRMpRLRLm",39,340,96,4
11951,"hLeTJcRXrk",31,309,87,6
11566,"FofyXbZFqA",16,323,48,5
10548,"bmudNIsvoADPr",8,339,11,1
10838,"rcNEMybQaCZbE",42,350,63,2
10893,"xkvgKaOXlB",25,314,28,4
11922,"fRqhCRNuXMV",49,302,23,5
11700,"RzuEQXAUlWKeE",9,332,82,5
11766,"OaxTspxvjC",28,345,93,7
11159,"YkUCxslbCSTr",19,301,37,7
11562,"mnVWJVvsw",44,302,98,6
10580,"SbkmbSclEMrU",5,345,53,6
10693,"eGuKWDjHqBidSYN",43,315,89,7
11107,"mARBguHWoBrsNON",6,313,71,2
11179,"UgwsBZYtnTZFZrQ",49,303,05,7
11775,"UfIQDfqzv",14,349,83,1
11353,"mLZiQxoXNV",30,334,66,1
11269,"ncCOXNFaXnjwR",23,345,1,4
11481,"KFrvQKGXeJc",28,306,81,5
11123,"rXmKEtIjYbsC",32,320,18,5
10635,"OpJaRjFOStdH",37,309,17,5
11686,"UhhPxUkvlGrZOQC",24,337,54,6
11608,"dlrYIIALSYLO",18,343,33,5
10943,"HMAJynIpUNn",29,339,67,5
11694,"HqAdZsRdEwFvDTr",50,303,29,7
10522,"pvzIWLuctQBAr",21,321,39,6
11065,"EkLgltvl",27,327,19,3
11705,"UBFtqjnkCZTcR",12,340,58,4
10886,"fZnlIbQxjb",32,317,39,2
11138,"YEZaHAsMXDgPxIf",44,342,26,4
11371,"UofIFmOKqj",24,342,79,6
10945,"xvnTqiROxMPnvtG",49,344,94,1
11915,"UYmtQfSipMT",39,338,58,4
11172,"BidXhuFa",10,327,35,1
10588,"DfwfTZSyn",17,333,13,1
11155,"aGyfRWKNjIPtXqA",16,338,8,2
11148,"lEcMsmIZNDQIY",36,305,02,4
10737,"qXrnkSFqdMsuYs",16,349,86,4
11660,"mMWGYSdguPdMbEf",26,314,12,5
11831,"eeaLuoubkR",3,340,84,2
11202,"qxCdNhpegKJb",47,340,83,6
11351,"rRCswdYeu",40,323,39,3
11078,"wHZTEalSttK",42,349,98,1
10955,"PgTqbebv",41,308,48,3
11300,"fWrSCTMGRqFCxdA",2,344,66,1
10806,"TjvHPNKzcviynW",9,349,15,5
10781,"voEqZeII",28,340,74,4
10935,"dGqCJgSpjTuSYtE",39,340,23,2
10649,"iTVCJHLiwM",23,307,35,6
11110,"eYolwMseg",38,340,26,1
10504,"HXmXviNTafiw",14,335,28,1
10535,"kDuYtnMZ",40,307,97,3
10540,"snrwNZmYN",42,339,98,7
10767,"IXgmYGDdjoJWLR",30,349,88,2
11324,"kubiRROaNn",30,350,66,5
11665,"qGSencJdCH",45,345,86,3
11587,"PzHhBfTMQsaXrNx",24,310,1,6
10684,"qhgtVwMV",40,329,31,6
11657,"rEbzIBCHXy",25,309,33,6
10924,"ZnaLyvWbFHv",47,310,69,3
11997,"MhwAezlRFxj",20,309,14,2
11817,"yWmLNewwTocE",9,335,01,2
10545,"wrNytYSurVI",35,348,96,4
10935,"bNoQLAJwVnxsil",34,302,63,4
11221,"ybySivmcTyAKF",15,320,59,1
11846,"voEqZeII",14,318,6,4
11189,"gkVTNaGkpck",39,332,87,5
10902,"cCLeTDXjDWX",7,310,23,7
11724,"DKWtEzxyaN",13,311,56,7
10541,"yWmLNewwTocE",26,314,79,7
11444,"tRZjhinQJDsHts",50,344,57,7
11209,"egyyccQS",16,304,53,5
11426,"hzvCXZRVNhj",20,340,44,6
10944,"HxkbOxXyqEN",44,314,12,6
11159,"HxkbOxXyqEN",4,331,95,7
10626,"sLooNmdnCNok",5,323,49,3
11575,"DftVDVBtrqFeN",8,323,7,1
10529,"HHgcIVQcx",37,329,97,1
11007,"pFbLWCRihZ",38,327,94,7
10608,"wKfmgisL",31,343,14,5
10690,"EYqacHSFWpDydgK",29,328,14,3
11097,"tCvowOHRE",5,303,03,6
10952,"dKGAhRRFl",2,330,38,1
11966,"tsxYkWNIqNdgiV",43,342,95,7
11287,"JpCZMAJIpc",10,318,69,3
10940,"ewIPkbBW",4,302,14,2
11963,"tQkyzlcdMyvRZT",24,350,69,3
10890,"DCqukWCbwVGjL",25,310,74,5
11333,"ncCOXNFaXnjwR",49,329,59,5
10822,"uMUwankYaZD",39,307,75,5
11290,"ePjQEeTbfXbYmZt",1,325,58,3
11722,"vaUxCmywiCcFvvm",16,339,85,2
11490,"jcbqZRJSPRxm",42,345,93,2
10601,"iSmilczH",21,342,62,5
11510,"ahwVKllMt",45,350,44,4
11562,"PUXNEroMyyOwMqs",27,309,26,2
10660,"vfjGBsmvF",8,302,96,3
11913,"qMgLQzXklEUFbjx",39,338,2,6
11614,"BidXhuFa",8,317,18,4
11903,"UKkhcbLKWe",44,318,32,3
11277,"hyKyRuNRMpRLRLm",49,305,04,4
